
Board >= 1.7 detected
settings_setup: Mounting flash FS... ok.
FlashFS: 1441792 total, 851968 used
{"ssid":"","pass":"","bssid":"","cmsid":"TCD-AP","cmpwd":"","cmbid":"","hostName":"dtmremote","wifiConRetries":"3","rcOFP":"1","systemID":"","appw":"","apch":"1","wAOD":"0","rAOFP":"1","at":"0","coast":"0","playClick":"1","playALsnd":"0","tcdIP":"","pwM":"0","reB":"0","CfgOnSD":"1","oorst":"0","oott":"1","resat":"0","b0Mt":"0","b1Mt":"0","b2Mt":"0","b3Mt":"0","b4Mt":"0","b5Mt":"0","b6Mt":"0","b7Mt":"0","b0MtO":"0","b1MtO":"0","b2MtO":"0","b3MtO":"0","b4MtO":"0","b5MtO":"0","b6MtO":"0","b7MtO":"0","uPLED":"0","pLEDFP":"1","uLvLM":"0","uLvLMFP":"1","uPM":"1","bTy":"0","bCa":"2000","opMode":"1","eWAP":"1","ePRHz":"4","eSUnit":"1","eTlmR":"0","eMxPwr":"2","eDynP":"0"}
read_settings: Size of document: 1246 (JSON_SIZE 2500)
settings_setup: SD/SPI frequency 16MHz
settings_setup: Mounting SD... ok
SD card type: SDHC
loadConfigFile: loaded /remidid: need 4, got 4 bytes: 2b 8c 94 e6 chksum c8
loadId: Loaded bin settings
read_mqtt_settings: Loading from SD
{"useMQTT":"0","mqttServer":"","mqttV":"0","mqttUser":"","mqttb1t":"","mqttb1o":"","mqttb1f":"","mqttb2t":"","mqttb2o":"","mqttb2f":"","mqttb3t":"","mqttb3o":"","mqttb3f":"","mqttb4t":"","mqttb4o":"","mqttb4f":"","mqttb5t":"","mqttb5o":"","mqttb5f":"","mqttb6t":"","mqttb6o":"","mqttb6f":"","mqttb7t":"","mqttb7o":"","mqttb7f":"","mqttb8t":"","mqttb8o":"","mqttb8f":""}
No response from BatMon IC
Battery monitor hardware not found or disabled
Config portal running in AP-mode
WiFi: Max TX power 78
WiFi: Max TX power set to 22
MQTT: Disabled
DTM Remote Control version V1.23 APR282026
Probing for audio data on SD
Control mode: ELRS/CRSF
ButtonPack: Detected PCA9554(A)
ELRS/CRSF: basic external module mode
ELRS/CRSF: full ELRS Lua/config menu unsupported
ELRS/CRSF: TX=GPIO2 RX=GPIO34 OE=GPIO0
ELRS/CRSF: packet rate 500Hz (module must match externally)
ELRS/CRSF: desired Telem Ratio=Std Max Power=100mW Dynamic=Off
ELRS/CRSF: CH1 Roll CH2 Pitch CH3 Throttle CH4 Yaw CH5 Stop CH6 FakePower CH7 O.O CH8 RESET CH9-16 ButtonPack
ELRS/CRSF: display GPS speed, then airspeed, then link quality
ELRS/CRSF transport: UART 400000 8N1 invert=0 rate=500Hz oeActiveLow=1 reply=20 telem=2000
ELRS/CRSF transport: OE on @1183323us
ELRS/CRSF TX len=26 crc=1 bytes=C8 18 16 13 B7 4B 5E DA C2 0A 56 B0 82 15 AC 60 05 2B 58 C1 0A 56 B0 82 15 45
ELRS/CRSF transport: OE off @1183323us
ELRS/CRSF RX len=26 crc=1 bytes=C8 18 16 13 B7 4B 5E DA C2 0A 56 B0 82 15 AC 60 05 2B 58 C1 0A 56 B0 82 15 45
ELRS/CRSF RX len=15 crc=1 bytes=EA 0D 3A EA EE 10 00 00 9C 40 FF FF BB 2C 6A
ELRS/CRSF transport: OE on @1201762us
ELRS/CRSF TX len=26 crc=1 bytes=C8 18 16 13 B7 4B 5E DA C2 0A 56 B0 82 15 AC 60 05 2B 58 C1 0A 56 B0 82 15 45
ELRS/CRSF transport: OE off @1201762us
ELRS/CRSF RX len=26 crc=1 bytes=C8 18 16 13 B7 4B 5E DA C2 0A 56 B0 82 15 AC 60 05 2B 58 C1 0A 56 B0 82 15 45
ELRS/CRSF RX len=15 crc=1 bytes=EA 0D 3A EA EE 10 00 00 9C 40 FF FF 68 8E E7
ELRS/CRSF transport: OE on @1240733us
ELRS/CRSF TX len=26 crc=1 bytes=C8 18 16 09 B7 4B 5E DA C2 0A 56 B0 82 15 AC 60 05 2B 58 C1 0A 56 B0 82 15 24
ELRS/CRSF transport: OE off @1240733us
ELRS/CRSF RX len=26 crc=1 bytes=C8 18 16 09 B7 4B 5E DA C2 0A 56 B0 82 15 AC 60 05 2B 58 C1 0A 56 B0 82 15 24
ELRS/CRSF RX len=15 crc=1 bytes=EA 0D 3A EA EE 10 00 00 9C 40 FF FF AA 38 7D
ELRS/CRSF transport: OE on @1269733us
ELRS/CRSF TX len=26 crc=1 bytes=C8 18 16 06 B7 4B 5E DA C2 0A 56 B0 82 15 AC 60 05 2B 58 C1 0A 56 B0 82 15 88
ELRS/CRSF transport: OE off @1269733us
ELRS/CRSF RX len=26 crc=1 bytes=C8 18 16 06 B7 4B 5E DA C2 0A 56 B0 82 15 AC 60 05 2B 58 C1 0A 56 B0 82 15 88
ELRS/CRSF RX len=15 crc=1 bytes=EA 0D 3A EA EE 10 00 00 9C 40 FF FF 80 62 1F
ELRS/CRSF transport: OE on @1308735us
ELRS/CRSF TX len=26 crc=1 bytes=C8 18 16 13 B7 4B 5E DA C2 0A 56 B0 82 15 AC 60 05 2B 58 C1 0A 56 B0 82 15 45
ELRS/CRSF transport: OE off @1308735us
ELRS/CRSF RX len=26 crc=1 bytes=C8 18 16 13 B7 4B 5E DA C2 0A 56 B0 82 15 AC 60 05 2B 58 C1 0A 56 B0 82 15 45
ELRS/CRSF RX len=15 crc=1 bytes=EA 0D 3A EA EE 10 00 00 9C 40 FF FF 64 06 55
ELRS/CRSF transport: OE on @1337733us
ELRS/CRSF TX len=26 crc=1 bytes=C8 18 16 04 B7 4B 5E DA C2 0A 56 B0 82 15 AC 60 05 2B 58 C1 0A 56 B0 82 15 FE
ELRS/CRSF transport: OE off @1337733us
ELRS/CRSF RX len=26 crc=1 bytes=C8 18 16 04 B7 4B 5E DA C2 0A 56 B0 82 15 AC 60 05 2B 58 C1 0A 56 B0 82 15 FE
ELRS/CRSF RX len=15 crc=1 bytes=EA 0D 3A EA EE 10 00 00 9C 40 FF FF 80 80 B6
ELRS/CRSF transport: OE on @1376735us
ELRS/CRSF TX len=26 crc=1 bytes=C8 18 16 09 B7 4B 5E DA C2 0A 56 B0 82 15 AC 60 05 2B 58 C1 0A 56 B0 82 15 24
ELRS/CRSF transport: OE off @1376735us
ELRS/CRSF RX len=26 crc=1 bytes=C8 18 16 09 B7 4B 5E DA C2 0A 56 B0 82 15 AC 60 05 2B 58 C1 0A 56 B0 82 15 24
ELRS/CRSF RX len=15 crc=1 bytes=EA 0D 3A EA EE 10 00 00 9C 40 FF FF 62 C6 1D
ELRS/CRSF transport: OE on @1405733us
ELRS/CRSF TX len=26 crc=1 bytes=C8 18 16 09 B7 4B 5E DA C2 0A 56 B0 82 15 AC 60 05 2B 58 C1 0A 56 B0 82 15 24
ELRS/CRSF transport: OE off @1405733us
ELRS/CRSF RX len=26 crc=1 bytes=C8 18 16 09 B7 4B 5E DA C2 0A 56 B0 82 15 AC 60 05 2B 58 C1 0A 56 B0 82 15 24
ELRS/CRSF RX len=15 crc=1 bytes=EA 0D 3A EA EE 10 00 00 9C 40 FF FF 80 44 3A
ELRS/CRSF transport: OE on @1444735us
ELRS/CRSF TX len=26 crc=1 bytes=C8 18 16 0D B7 4B 5E DA C2 0A 56 B0 82 15 AC 60 05 2B 58 C1 0A 56 B0 82 15 C8
ELRS/CRSF transport: OE off @1444735us
ELRS/CRSF RX len=26 crc=1 bytes=C8 18 16 0D B7 4B 5E DA C2 0A 56 B0 82 15 AC 60 05 2B 58 C1 0A 56 B0 82 15 C8
ELRS/CRSF RX len=15 crc=1 bytes=EA 0D 3A EA EE 10 00 00 9C 40 FF FF 63 8E A2
ELRS/CRSF transport: OE on @1473733us
ELRS/CRSF TX len=26 crc=1 bytes=C8 18 16 06 B7 4B 5E DA C2 0A 56 B0 82 15 AC 60 05 2B 58 C1 0A 56 B0 82 15 88
ELRS/CRSF transport: OE off @1473733us
ELRS/CRSF RX len=26 crc=1 bytes=C8 18 16 06 B7 4B 5E DA C2 0A 56 B0 82 15 AC 60 05 2B 58 C1 0A 56 B0 82 15 88
ELRS/CRSF RX len=15 crc=1 bytes=EA 0D 3A EA EE 10 00 00 9C 40 FF FF 7F A4 94
ELRS/CRSF transport: OE on @1512735us
ELRS/CRSF TX len=26 crc=1 bytes=C8 18 16 0C B7 4B 5E DA C2 0A 56 B0 82 15 AC 60 05 2B 58 C1 0A 56 B0 82 15 F3
ELRS/CRSF transport: OE off @1512735us
ELRS/CRSF RX len=26 crc=1 bytes=C8 18 16 0C B7 4B 5E DA C2 0A 56 B0 82 15 AC 60 05 2B 58 C1 0A 56 B0 82 15 F3
ELRS/CRSF RX len=15 crc=1 bytes=EA 0D 3A EA EE 10 00 00 9C 40 FF FF 64 06 55
ELRS/CRSF transport: OE on @1541733us
ELRS/CRSF TX len=26 crc=1 bytes=C8 18 16 07 B7 4B 5E DA C2 0A 56 B0 82 15 AC 60 05 2B 58 C1 0A 56 B0 82 15 B3
ELRS/CRSF transport: OE off @1541733us
ELRS/CRSF RX len=26 crc=1 bytes=C8 18 16 07 B7 4B 5E DA C2 0A 56 B0 82 15 AC 60 05 2B 58 C1 0A 56 B0 82 15 B3
ELRS/CRSF RX len=15 crc=1 bytes=EA 0D 3A EA EE 10 00 00 9C 40 FF FF 80 30 AF
ELRS/CRSF transport: OE on @1580735us
ELRS/CRSF TX len=26 crc=1 bytes=C8 18 16 0E B7 4B 5E DA C2 0A 56 B0 82 15 AC 60 05 2B 58 C1 0A 56 B0 82 15 85
ELRS/CRSF transport: OE off @1580735us
ELRS/CRSF RX len=26 crc=1 bytes=C8 18 16 0E B7 4B 5E DA C2 0A 56 B0 82 15 AC 60 05 2B 58 C1 0A 56 B0 82 15 85
ELRS/CRSF RX len=15 crc=1 bytes=EA 0D 3A EA EE 10 00 00 9C 40 FF FF 64 88 12
ELRS/CRSF transport: OE on @1609733us
ELRS/CRSF TX len=26 crc=1 bytes=C8 18 16 0B B7 4B 5E DA C2 0A 56 B0 82 15 AC 60 05 2B 58 C1 0A 56 B0 82 15 52
ELRS/CRSF transport: OE off @1609733us
ELRS/CRSF RX len=26 crc=1 bytes=C8 18 16 0B B7 4B 5E DA C2 0A 56 B0 82 15 AC 60 05 2B 58 C1 0A 56 B0 82 15 52
ELRS/CRSF RX len=15 crc=1 bytes=EA 0D 3A EA EE 10 00 00 9C 40 FF FF 80 B2 3F
ELRS/CRSF transport: OE on @1648735us
ELRS/CRSF TX len=26 crc=1 bytes=C8 18 16 12 B7 4B 5E DA C2 0A 56 B0 82 15 AC 60 05 2B 58 C1 0A 56 B0 82 15 7E
ELRS/CRSF transport: OE off @1648735us
ELRS/CRSF RX len=26 crc=1 bytes=C8 18 16 12 B7 4B 5E DA C2 0A 56 B0 82 15 AC 60 05 2B 58 C1 0A 56 B0 82 15 7E
ELRS/CRSF RX len=15 crc=1 bytes=EA 0D 3A EA EE 10 00 00 9C 40 FF FF 63 66 5D
ELRS/CRSF transport: OE on @1677733us
ELRS/CRSF TX len=26 crc=1 bytes=C8 18 16 09 B7 4B 5E DA C2 0A 56 B0 82 15 AC 60 05 2B 58 C1 0A 56 B0 82 15 24
ELRS/CRSF transport: OE off @1677733us
ELRS/CRSF RX len=26 crc=1 bytes=C8 18 16 09 B7 4B 5E DA C2 0A 56 B0 82 15 AC 60 05 2B 58 C1 0A 56 B0 82 15 24
ELRS/CRSF RX len=15 crc=1 bytes=EA 0D 3A EA EE 10 00 00 9C 40 FF FF 80 44 3A
ELRS/CRSF transport: OE on @1716735us
ELRS/CRSF TX len=26 crc=1 bytes=C8 18 16 04 B7 4B 5E DA C2 0A 56 B0 82 15 AC 60 05 2B 58 C1 0A 56 B0 82 15 FE
ELRS/CRSF transport: OE off @1716735us
ELRS/CRSF RX len=26 crc=1 bytes=C8 18 16 04 B7 4B 5E DA C2 0A 56 B0 82 15 AC 60 05 2B 58 C1 0A 56 B0 82 15 FE
ELRS/CRSF RX len=15 crc=1 bytes=EA 0D 3A EA EE 10 00 00 9C 40 FF FF 64 06 55
ELRS/CRSF transport: OE on @1745733us
ELRS/CRSF TX len=26 crc=1 bytes=C8 18 16 0A B7 4B 5E DA C2 0A 56 B0 82 15 AC 60 05 2B 58 C1 0A 56 B0 82 15 69
ELRS/CRSF transport: OE off @1745733us
ELRS/CRSF RX len=26 crc=1 bytes=C8 18 16 0A B7 4B 5E DA C2 0A 56 B0 82 15 AC 60 05 2B 58 C1 0A 56 B0 82 15 69
ELRS/CRSF RX len=15 crc=1 bytes=EA 0D 3A EA EE 10 00 00 9C 40 FF FF 81 DE DA
ELRS/CRSF transport: OE on @1784735us
ELRS/CRSF TX len=26 crc=1 bytes=C8 18 16 13 B7 4B 5E DA C2 0A 56 B0 82 15 AC 60 05 2B 58 C1 0A 56 B0 82 15 45
ELRS/CRSF transport: OE off @1784735us
ELRS/CRSF RX len=26 crc=1 bytes=C8 18 16 13 B7 4B 5E DA C2 0A 56 B0 82 15 AC 60 05 2B 58 C1 0A 56 B0 82 15 45
ELRS/CRSF RX len=15 crc=1 bytes=EA 0D 3A EA EE 10 00 00 9C 40 FF FF 62 80 01
ELRS/CRSF transport: OE on @1813733us
ELRS/CRSF TX len=26 crc=1 bytes=C8 18 16 0C B7 4B 5E DA C2 0A 56 B0 82 15 AC 60 05 2B 58 C1 0A 56 B0 82 15 F3
ELRS/CRSF transport: OE off @1813733us
ELRS/CRSF RX len=26 crc=1 bytes=C8 18 16 0C B7 4B 5E DA C2 0A 56 B0 82 15 AC 60 05 2B 58 C1 0A 56 B0 82 15 F3
ELRS/CRSF RX len=15 crc=1 bytes=EA 0D 3A EA EE 10 00 00 9C 40 FF FF 80 D0 79
ELRS/CRSF transport: OE on @1852735us
ELRS/CRSF TX len=26 crc=1 bytes=C8 18 16 0C B7 4B 5E DA C2 0A 56 B0 82 15 AC 60 05 2B 58 C1 0A 56 B0 82 15 F3
ELRS/CRSF transport: OE off @1852735us
ELRS/CRSF RX len=26 crc=1 bytes=C8 18 16 0C B7 4B 5E DA C2 0A 56 B0 82 15 AC 60 05 2B 58 C1 0A 56 B0 82 15 F3
ELRS/CRSF RX len=15 crc=1 bytes=EA 0D 3A EA EE 10 00 00 9C 40 FF FF 62 A8 8C
ELRS/CRSF transport: OE on @1881733us
ELRS/CRSF TX len=26 crc=1 bytes=C8 18 16 0D B7 4B 5E DA C2 0A 56 B0 82 15 AC 60 05 2B 58 C1 0A 56 B0 82 15 C8
ELRS/CRSF transport: OE off @1881733us
ELRS/CRSF RX len=26 crc=1 bytes=C8 18 16 0D B7 4B 5E DA C2 0A 56 B0 82 15 AC 60 05 2B 58 C1 0A 56 B0 82 15 C8
ELRS/CRSF RX len=15 crc=1 bytes=EA 0D 3A EA EE 10 00 00 9C 40 FF FF 7F E0 F7
ELRS/CRSF transport: OE on @1920735us
ELRS/CRSF TX len=26 crc=1 bytes=C8 18 16 11 B7 4B 5E DA C2 0A 56 B0 82 15 AC 60 05 2B 58 C1 0A 56 B0 82 15 33
ELRS/CRSF transport: OE off @1920735us
ELRS/CRSF RX len=26 crc=1 bytes=C8 18 16 11 B7 4B 5E DA C2 0A 56 B0 82 15 AC 60 05 2B 58 C1 0A 56 B0 82 15 33
ELRS/CRSF RX len=15 crc=1 bytes=EA 0D 3A EA EE 10 00 00 9C 40 FF FF 63 FC B6
ELRS/CRSF transport: OE on @1949733us
ELRS/CRSF TX len=26 crc=1 bytes=C8 18 16 0A B7 4B 5E DA C2 0A 56 B0 82 15 AC 60 05 2B 58 C1 0A 56 B0 82 15 69
ELRS/CRSF transport: OE off @1949733us
ELRS/CRSF RX len=26 crc=1 bytes=C8 18 16 0A B7 4B 5E DA C2 0A 56 B0 82 15 AC 60 05 2B 58 C1 0A 56 B0 82 15 69
ELRS/CRSF RX len=15 crc=1 bytes=EA 0D 3A EA EE 10 00 00 9C 40 FF FF 80 6C B7
ELRS/CRSF transport: OE on @1988735us
ELRS/CRSF TX len=26 crc=1 bytes=C8 18 16 13 B7 4B 5E DA C2 0A 56 B0 82 15 AC 60 05 2B 58 C1 0A 56 B0 82 15 45
ELRS/CRSF transport: OE off @1988735us
ELRS/CRSF RX len=26 crc=1 bytes=C8 18 16 13 B7 4B 5E DA C2 0A 56 B0 82 15 AC 60 05 2B 58 C1 0A 56 B0 82 15 45
ELRS/CRSF RX len=15 crc=1 bytes=EA 0D 3A EA EE 10 00 00 9C 40 FF FF 64 06 55
ELRS/CRSF transport: OE on @2017755us
ELRS/CRSF TX len=26 crc=1 bytes=C8 18 16 FF B6 4B 5E DA C2 0A 56 B0 82 15 AC 60 05 2B 58 C1 0A 56 B0 82 15 45
ELRS/CRSF transport: OE off @2017755us
ELRS/CRSF RX len=26 crc=1 bytes=C8 18 16 FF B6 4B 5E DA C2 0A 56 B0 82 15 AC 60 05 2B 58 C1 0A 56 B0 82 15 45
ELRS/CRSF RX len=15 crc=1 bytes=EA 0D 3A EA EE 10 00 00 9C 40 FF FF 80 BC 97
ELRS/CRSF transport: OE on @2056735us
ELRS/CRSF TX len=26 crc=1 bytes=C8 18 16 11 B7 4B 5E DA C2 0A 56 B0 82 15 AC 60 05 2B 58 C1 0A 56 B0 82 15 33
ELRS/CRSF transport: OE off @2056735us
ELRS/CRSF RX len=26 crc=1 bytes=C8 18 16 11 B7 4B 5E DA C2 0A 56 B0 82 15 AC 60 05 2B 58 C1 0A 56 B0 82 15 33
ELRS/CRSF RX len=15 crc=1 bytes=EA 0D 3A EA EE 10 00 00 9C 40 FF FF 63 F2 1E
ELRS/CRSF transport: OE on @2085733us
ELRS/CRSF TX len=26 crc=1 bytes=C8 18 16 0A B7 4B 5E DA C2 0A 56 B0 82 15 AC 60 05 2B 58 C1 0A 56 B0 82 15 69
ELRS/CRSF transport: OE off @2085733us
ELRS/CRSF RX len=26 crc=1 bytes=C8 18 16 0A B7 4B 5E DA C2 0A 56 B0 82 15 AC 60 05 2B 58 C1 0A 56 B0 82 15 69
ELRS/CRSF RX len=15 crc=1 bytes=EA 0D 3A EA EE 10 00 00 9C 40 FF FF 80 62 1F
ELRS/CRSF transport: OE on @2124735us
ELRS/CRSF TX len=26 crc=1 bytes=C8 18 16 0F B7 8B 5E DA C2 0A 56 B0 82 15 AC 60 05 2B 58 C1 0A 56 B0 82 15 0C
ELRS/CRSF transport: OE off @2124735us
ELRS/CRSF RX len=26 crc=1 bytes=C8 18 16 0F B7 8B 5E DA C2 0A 56 B0 82 15 AC 60 05 2B 58 C1 0A 56 B0 82 15 0C
ELRS/CRSF RX len=15 crc=1 bytes=EA 0D 3A EA EE 10 00 00 9C 40 FF FF 63 F2 1E
ELRS/CRSF transport: OE on @2153733us
ELRS/CRSF TX len=26 crc=1 bytes=C8 18 16 06 B7 4B 5E DA C2 0A 56 B0 82 15 AC 60 05 2B 58 C1 0A 56 B0 82 15 88
ELRS/CRSF transport: OE off @2153733us
ELRS/CRSF: probing module settings
ELRS/CRSF RX len=26 crc=1 bytes=C8 18 16 06 B7 4B 5E DA C2 0A 56 B0 82 15 AC 60 05 2B 58 C1 0A 56 B0 82 15 88
ELRS/CRSF RX len=15 crc=1 bytes=EA 0D 3A EA EE 10 00 00 9C 40 FF FF 80 30 AF
ELRS/CRSF transport: OE on @2192735us
ELRS/CRSF CFG len=6 crc=1 bytes=C8 04 28 00 EA 54
ELRS/CRSF transport: OE off @2192735us
ELRS/CRSF RX len=6 crc=1 bytes=C8 04 28 00 EA 54
ELRS/CRSF RX len=15 crc=1 bytes=EA 0D 3A EA EE 10 00 00 9C 40 FF FF 63 8E A2
ELRS/CRSF transport: OE on @2220733us
ELRS/CRSF TX len=26 crc=1 bytes=C8 18 16 13 B7 4B 5E DA C2 0A 56 B0 82 15 AC 60 05 2B 58 C1 0A 56 B0 82 15 45
ELRS/CRSF transport: OE off @2220733us
ELRS/CRSF RX len=26 crc=1 bytes=C8 18 16 13 B7 4B 5E DA C2 0A 56 B0 82 15 AC 60 05 2B 58 C1 0A 56 B0 82 15 45
ELRS/CRSF RX len=36 crc=1 bytes=EA 22 29 EA EE 52 4D 20 52 61 6E 67 65 72 20 4D 69 63 72 6F 00 45 4C 52 53 00 00 00 00 00 03 03 01 1F 00 90
ELRS/CRSF transport: OE on @2248730us
ELRS/CRSF TX len=26 crc=1 bytes=C8 18 16 0B B7 4B 5E DA C2 0A 56 B0 82 15 AC 60 05 2B 58 C1 0A 56 B0 82 15 52
ELRS/CRSF transport: OE off @2248730us
ELRS/CRSF RX len=26 crc=1 bytes=C8 18 16 0B B7 4B 5E DA C2 0A 56 B0 82 15 AC 60 05 2B 58 C1 0A 56 B0 82 15 52
ELRS/CRSF RX len=15 crc=1 bytes=EA 0D 3A EA EE 10 00 00 9C 40 FF FF 66 A4 77
ELRS/CRSF transport: OE on @2288733us
ELRS/CRSF TX len=26 crc=1 bytes=C8 18 16 13 B7 8B 5E DA C2 0A 56 B0 82 15 AC 60 05 2B 58 C1 0A 56 B0 82 15 F7
ELRS/CRSF transport: OE off @2288733us
ELRS/CRSF RX len=26 crc=1 bytes=C8 18 16 13 B7 8B 5E DA C2 0A 56 B0 82 15 AC 60 05 2B 58 C1 0A 56 B0 82 15 F7
ELRS/CRSF RX len=15 crc=1 bytes=EA 0D 3A EA EE 10 00 00 9C 40 FF FF F1 78 AA
ELRS/CRSF transport: OE on @2317738us
ELRS/CRSF CFG len=8 crc=1 bytes=C8 06 2C EE EF 01 00 76
ELRS/CRSF transport: OE off @2317738us
ELRS/CRSF RX len=8 crc=1 bytes=C8 06 2C EE EF 01 00 76
ELRS/CRSF RX len=15 crc=1 bytes=EA 0D 3A EA EE 10 00 00 9C 40 FF FF 7F FE 0D
ELRS/CRSF transport: OE on @2345733us
ELRS/CRSF TX len=26 crc=1 bytes=C8 18 16 08 B7 4B 5E DA C2 0A 56 B0 82 15 AC 60 05 2B 58 C1 0A 56 B0 82 15 1F
ELRS/CRSF transport: OE off @2345733us
ELRS/CRSF RX len=26 crc=1 bytes=C8 18 16 08 B7 4B 5E DA C2 0A 56 B0 82 15 AC 60 05 2B 58 C1 0A 56 B0 82 15 1F
ELRS/CRSF RX len=64 crc=1 bytes=EA 3E 2B EA EE 01 03 00 09 50 61 63 6B 65 74 20 52 61 74 65 00 35 30 48 7A 28 2D 31 31 35 64 42 6D 29 3B 31 30 30 48 7A 20 46 75 6C 6C 28 2D 31 31 32 64 42 6D 29 3B 31 35 30 48 7A 28 2D 31 8A
ELRS/CRSF transport: OE on @2373730us
ELRS/CRSF TX len=26 crc=1 bytes=C8 18 16 0B B7 4B 5E DA C2 0A 56 B0 82 15 AC 60 05 2B 58 C1 0A 56 B0 82 15 52
ELRS/CRSF transport: OE off @2373730us
ELRS/CRSF RX len=26 crc=1 bytes=C8 18 16 0B B7 4B 5E DA C2 0A 56 B0 82 15 AC 60 05 2B 58 C1 0A 56 B0 82 15 52
ELRS/CRSF RX len=15 crc=1 bytes=EA 0D 3A EA EE 10 00 00 9C 40 FF FF 8D 32 AF
ELRS/CRSF transport: OE on @2424733us
ELRS/CRSF CFG len=8 crc=1 bytes=C8 06 2C EE EF 01 01 A3
ELRS/CRSF transport: OE off @2424733us
ELRS/CRSF RX len=8 crc=1 bytes=C8 06 2C EE EF 01 01 A3
ELRS/CRSF RX len=15 crc=1 bytes=EA 0D 3A EA EE 10 00 00 9C 40 FF FF F3 62 B8
ELRS/CRSF transport: OE on @2452735us
ELRS/CRSF TX len=26 crc=1 bytes=C8 18 16 13 B7 4B 5E DA C2 0A 56 B0 82 15 AC 60 05 2B 58 C1 0A 56 B0 82 15 45
ELRS/CRSF transport: OE off @2452735us
ELRS/CRSF RX len=26 crc=1 bytes=C8 18 16 13 B7 4B 5E DA C2 0A 56 B0 82 15 AC 60 05 2B 58 C1 0A 56 B0 82 15 45
ELRS/CRSF RX len=64 crc=1 bytes=EA 3E 2B EA EE 01 02 31 32 64 42 6D 29 3B 32 35 30 48 7A 28 2D 31 30 38 64 42 6D 29 3B 33 33 33 48 7A 20 46 75 6C 6C 28 2D 31 30 35 64 42 6D 29 3B 35 30 30 48 7A 28 2D 31 30 35 64 42 6D 29 0E
ELRS/CRSF transport: OE on @2480730us
ELRS/CRSF TX len=26 crc=1 bytes=C8 18 16 13 B7 4B 5E DA C2 0A 56 B0 82 15 AC 60 05 2B 58 C1 0A 56 B0 82 15 45
ELRS/CRSF transport: OE off @2480730us
ELRS/CRSF RX len=26 crc=1 bytes=C8 18 16 13 B7 4B 5E DA C2 0A 56 B0 82 15 AC 60 05 2B 58 C1 0A 56 B0 82 15 45
ELRS/CRSF RX len=15 crc=1 bytes=EA 0D 3A EA EE 10 00 00 9C 40 FF FF 68 8E E7
ELRS/CRSF transport: OE on @2531730us
ELRS/CRSF CFG len=8 crc=1 bytes=C8 06 2C EE EF 01 02 09
ELRS/CRSF transport: OE off @2531730us
ELRS/CRSF RX len=8 crc=1 bytes=C8 06 2C EE EF 01 02 09
ELRS/CRSF RX len=15 crc=1 bytes=EA 0D 3A EA EE 10 00 00 9C 40 FF FF 78 9C 7A
ELRS/CRSF transport: OE on @2559733us
ELRS/CRSF TX len=26 crc=1 bytes=C8 18 16 13 B7 8B 5E DA C2 0A 56 B0 82 15 AC 60 05 2B 58 C1 0A 56 B0 82 15 F7
ELRS/CRSF transport: OE off @2559733us
ELRS/CRSF RX len=26 crc=1 bytes=C8 18 16 13 B7 8B 5E DA C2 0A 56 B0 82 15 AC 60 05 2B 58 C1 0A 56 B0 82 15 F7
ELRS/CRSF RX len=64 crc=1 bytes=EA 3E 2B EA EE 01 01 3B 44 32 35 30 28 2D 31 30 34 64 42 6D 29 3B 44 35 30 30 28 2D 31 30 34 64 42 6D 29 3B 46 35 30 30 28 2D 31 30 34 64 42 6D 29 3B 46 31 30 30 30 28 2D 31 30 34 64 42 6D E8
ELRS/CRSF transport: OE on @2587730us
ELRS/CRSF TX len=26 crc=1 bytes=C8 18 16 0F B7 8B 5E DA C2 0A 56 B0 82 15 AC 60 05 2B 58 C1 0A 56 B0 82 15 0C
ELRS/CRSF transport: OE off @2587730us
ELRS/CRSF RX len=26 crc=1 bytes=C8 18 16 0F B7 8B 5E DA C2 0A 56 B0 82 15 AC 60 05 2B 58 C1 0A 56 B0 82 15 0C
ELRS/CRSF RX len=15 crc=1 bytes=EA 0D 3A EA EE 10 00 00 9C 40 FF FF DB 66 AB
ELRS/CRSF transport: OE on @2638730us
ELRS/CRSF CFG len=8 crc=1 bytes=C8 06 2C EE EF 01 03 DC
ELRS/CRSF transport: OE off @2638730us
ELRS/CRSF RX len=8 crc=1 bytes=C8 06 2C EE EF 01 03 DC
ELRS/CRSF RX len=15 crc=1 bytes=EA 0D 3A EA EE 10 00 00 9C 40 FF FF EE BC FF
ELRS/CRSF transport: OE on @2666735us
ELRS/CRSF TX len=26 crc=1 bytes=C8 18 16 0A B7 4B 5E DA C2 0A 56 B0 82 15 AC 60 05 2B 58 C1 0A 56 B0 82 15 69
ELRS/CRSF transport: OE off @2666735us
ELRS/CRSF RX len=26 crc=1 bytes=C8 18 16 0A B7 4B 5E DA C2 0A 56 B0 82 15 AC 60 05 2B 58 C1 0A 56 B0 82 15 69
ELRS/CRSF RX len=15 crc=1 bytes=EA 0D 2B EA EE 01 00 29 00 03 00 09 00 00 0B
ELRS/CRSF transport: OE on @2694733us
ELRS/CRSF TX len=26 crc=1 bytes=C8 18 16 04 B7 8B 5E DA C2 0A 56 B0 82 15 AC 60 05 2B 58 C1 0A 56 B0 82 15 4C
ELRS/CRSF transport: OE off @2694733us
ELRS/CRSF RX len=26 crc=1 bytes=C8 18 16 04 B7 8B 5E DA C2 0A 56 B0 82 15 AC 60 05 2B 58 C1 0A 56 B0 82 15 4C
ELRS/CRSF RX len=15 crc=1 bytes=EA 0D 3A EA EE 10 00 00 9C 40 FF FF B5 64 BC
ELRS/CRSF transport: OE on @2723733us
ELRS/CRSF TX len=26 crc=1 bytes=C8 18 16 13 B7 8B 5E DA C2 0A 56 B0 82 15 AC 60 05 2B 58 C1 0A 56 B0 82 15 F7
ELRS/CRSF transport: OE off @2723733us
ELRS/CRSF RX len=26 crc=1 bytes=C8 18 16 13 B7 8B 5E DA C2 0A 56 B0 82 15 AC 60 05 2B 58 C1 0A 56 B0 82 15 F7
ELRS/CRSF RX len=15 crc=1 bytes=EA 0D 3A EA EE 10 00 00 9C 40 FF FF D2 74 D5
ELRS/CRSF transport: OE on @2762733us
ELRS/CRSF CFG len=8 crc=1 bytes=C8 06 2C EE EF 02 00 6B
ELRS/CRSF transport: OE off @2762733us
ELRS/CRSF RX len=8 crc=1 bytes=C8 06 2C EE EF 02 00 6B
ELRS/CRSF RX len=15 crc=1 bytes=EA 0D 3A EA EE 10 00 00 9C 40 FF FF A9 16 6C
ELRS/CRSF transport: OE on @2790733us
ELRS/CRSF TX len=26 crc=1 bytes=C8 18 16 03 B7 4B 5E DA C2 0A 56 B0 82 15 AC 60 05 2B 58 C1 0A 56 B0 82 15 5F
ELRS/CRSF transport: OE off @2790733us
ELRS/CRSF RX len=26 crc=1 bytes=C8 18 16 03 B7 4B 5E DA C2 0A 56 B0 82 15 AC 60 05 2B 58 C1 0A 56 B0 82 15 5F
ELRS/CRSF RX len=64 crc=1 bytes=EA 3E 2B EA EE 02 01 00 09 54 65 6C 65 6D 20 52 61 74 69 6F 00 53 74 64 3B 4F 66 66 3B 31 3A 31 32 38 3B 31 3A 36 34 3B 31 3A 33 32 3B 31 3A 31 36 3B 31 3A 38 3B 31 3A 34 3B 31 3A 32 3B 52 B8
ELRS/CRSF transport: OE on @2818730us
ELRS/CRSF TX len=26 crc=1 bytes=C8 18 16 07 B7 8B 5E DA C2 0A 56 B0 82 15 AC 60 05 2B 58 C1 0A 56 B0 82 15 01
ELRS/CRSF transport: OE off @2818730us
ELRS/CRSF RX len=26 crc=1 bytes=C8 18 16 07 B7 8B 5E DA C2 0A 56 B0 82 15 AC 60 05 2B 58 C1 0A 56 B0 82 15 01
ELRS/CRSF RX len=15 crc=1 bytes=EA 0D 3A EA EE 10 00 00 9C 40 FF FF B4 C4 FC
ELRS/CRSF transport: OE on @2869733us
ELRS/CRSF CFG len=8 crc=1 bytes=C8 06 2C EE EF 02 01 BE
ELRS/CRSF transport: OE off @2869733us
ELRS/CRSF RX len=8 crc=1 bytes=C8 06 2C EE EF 02 01 BE
ELRS/CRSF RX len=15 crc=1 bytes=EA 0D 3A EA EE 10 00 00 9C 40 FF FF C6 8A 65
ELRS/CRSF transport: OE on @2897733us
ELRS/CRSF TX len=26 crc=1 bytes=C8 18 16 0A B7 8B 5E DA C2 0A 56 B0 82 15 AC 60 05 2B 58 C1 0A 56 B0 82 15 DB
ELRS/CRSF transport: OE off @2897733us
ELRS/CRSF RX len=26 crc=1 bytes=C8 18 16 0A B7 8B 5E DA C2 0A 56 B0 82 15 AC 60 05 2B 58 C1 0A 56 B0 82 15 DB
ELRS/CRSF RX len=24 crc=1 bytes=EA 16 2B EA EE 02 00 61 63 65 00 00 00 09 00 20 28 31 3A 36 34 29 00 1A
ELRS/CRSF transport: OE on @2925733us
ELRS/CRSF TX len=26 crc=1 bytes=C8 18 16 0D B7 4B 5E DA C2 0A 56 B0 82 15 AC 60 05 2B 58 C1 0A 56 B0 82 15 C8
ELRS/CRSF transport: OE off @2925733us
ELRS/CRSF RX len=26 crc=1 bytes=C8 18 16 0D B7 4B 5E DA C2 0A 56 B0 82 15 AC 60 05 2B 58 C1 0A 56 B0 82 15 C8
ELRS/CRSF RX len=15 crc=1 bytes=EA 0D 3A EA EE 10 00 00 9C 40 FF FF 8D 82 B6
ELRS/CRSF transport: OE on @2964730us
ELRS/CRSF TX len=26 crc=1 bytes=C8 18 16 12 B7 8B 5E DA C2 0A 56 B0 82 15 AC 60 05 2B 58 C1 0A 56 B0 82 15 CC
ELRS/CRSF transport: OE off @2964730us
ELRS/CRSF RX len=26 crc=1 bytes=C8 18 16 12 B7 8B 5E DA C2 0A 56 B0 82 15 AC 60 05 2B 58 C1 0A 56 B0 82 15 CC
ELRS/CRSF RX len=15 crc=1 bytes=EA 0D 3A EA EE 10 00 00 9C 40 FF FF B0 E6 0B
ELRS/CRSF transport: OE on @2993733us
ELRS/CRSF CFG len=8 crc=1 bytes=C8 06 2C EE EF 03 00 60
ELRS/CRSF transport: OE off @2993733us
ELRS/CRSF RX len=8 crc=1 bytes=C8 06 2C EE EF 03 00 60
ELRS/CRSF RX len=15 crc=1 bytes=EA 0D 3A EA EE 10 00 00 9C 40 FF FF 80 8A E0
ELRS/CRSF transport: OE on @3021730us
ELRS/CRSF TX len=26 crc=1 bytes=C8 18 16 0B B7 4B 5E DA C2 0A 56 B0 82 15 AC 60 05 2B 58 C1 0A 56 B0 82 15 52
ELRS/CRSF transport: OE off @3021730us
ELRS/CRSF RX len=26 crc=1 bytes=C8 18 16 0B B7 4B 5E DA C2 0A 56 B0 82 15 AC 60 05 2B 58 C1 0A 56 B0 82 15 52
ELRS/CRSF RX len=39 crc=1 bytes=EA 25 2B EA EE 03 00 00 09 53 77 69 74 63 68 20 4D 6F 64 65 00 57 69 64 65 3B 48 79 62 72 69 64 00 00 00 01 00 00 83
ELRS/CRSF transport: OE on @3049733us
ELRS/CRSF TX len=26 crc=1 bytes=C8 18 16 0D B7 4B 5E DA C2 0A 56 B0 82 15 AC 60 05 2B 58 C1 0A 56 B0 82 15 C8
ELRS/CRSF transport: OE off @3049733us
ELRS/CRSF RX len=26 crc=1 bytes=C8 18 16 0D B7 4B 5E DA C2 0A 56 B0 82 15 AC 60 05 2B 58 C1 0A 56 B0 82 15 C8
ELRS/CRSF RX len=15 crc=1 bytes=EA 0D 3A EA EE 10 00 00 9C 40 FF FF 91 BA AD
ELRS/CRSF transport: OE on @3089733us
ELRS/CRSF TX len=26 crc=1 bytes=C8 18 16 0B B7 8B 5E DA C2 0A 56 B0 82 15 AC 60 05 2B 58 C1 0A 56 B0 82 15 E0
ELRS/CRSF transport: OE off @3089733us
ELRS/CRSF RX len=26 crc=1 bytes=C8 18 16 0B B7 8B 5E DA C2 0A 56 B0 82 15 AC 60 05 2B 58 C1 0A 56 B0 82 15 E0
ELRS/CRSF RX len=15 crc=1 bytes=EA 0D 3A EA EE 10 00 00 9C 40 FF FF 7D 24 6D
ELRS/CRSF transport: OE on @3128733us
ELRS/CRSF CFG len=8 crc=1 bytes=C8 06 2C EE EF 04 00 51
ELRS/CRSF transport: OE off @3128733us
ELRS/CRSF RX len=8 crc=1 bytes=C8 06 2C EE EF 04 00 51
ELRS/CRSF RX len=15 crc=1 bytes=EA 0D 3A EA EE 10 00 00 9C 40 FF FF FB 0A F0
ELRS/CRSF transport: OE on @3156733us
ELRS/CRSF TX len=26 crc=1 bytes=C8 18 16 13 B7 4B 5E DA C2 0A 56 B0 82 15 AC 60 05 2B 58 C1 0A 56 B0 82 15 45
ELRS/CRSF transport: OE off @3156733us
ELRS/CRSF RX len=26 crc=1 bytes=C8 18 16 13 B7 4B 5E DA C2 0A 56 B0 82 15 AC 60 05 2B 58 C1 0A 56 B0 82 15 45
ELRS/CRSF RX len=42 crc=1 bytes=EA 28 2B EA EE 04 00 00 09 4D 6F 64 65 6C 20 4D 61 74 63 68 00 4F 66 66 3B 4F 6E 00 00 00 01 00 20 28 49 44 3A 20 30 29 00 AD
ELRS/CRSF transport: OE on @3184730us
ELRS/CRSF TX len=26 crc=1 bytes=C8 18 16 0E B7 8B 5E DA C2 0A 56 B0 82 15 AC 60 05 2B 58 C1 0A 56 B0 82 15 37
ELRS/CRSF transport: OE off @3184730us
ELRS/CRSF RX len=26 crc=1 bytes=C8 18 16 0E B7 8B 5E DA C2 0A 56 B0 82 15 AC 60 05 2B 58 C1 0A 56 B0 82 15 37
ELRS/CRSF RX len=15 crc=1 bytes=EA 0D 3A EA EE 10 00 00 9C 40 FF FF 67 D0 E9
ELRS/CRSF transport: OE on @3224733us
ELRS/CRSF TX len=26 crc=1 bytes=C8 18 16 12 B7 4B 5E DA C2 0A 56 B0 82 15 AC 60 05 2B 58 C1 0A 56 B0 82 15 7E
ELRS/CRSF transport: OE off @3224733us
ELRS/CRSF RX len=26 crc=1 bytes=C8 18 16 12 B7 4B 5E DA C2 0A 56 B0 82 15 AC 60 05 2B 58 C1 0A 56 B0 82 15 7E
ELRS/CRSF RX len=15 crc=1 bytes=EA 0D 3A EA EE 10 00 00 9C 40 FF FF F8 DA CD
ELRS/CRSF transport: OE on @3253733us
ELRS/CRSF CFG len=8 crc=1 bytes=C8 06 2C EE EF 05 00 5A
ELRS/CRSF transport: OE off @3253733us
ELRS/CRSF RX len=8 crc=1 bytes=C8 06 2C EE EF 05 00 5A
ELRS/CRSF RX len=15 crc=1 bytes=EA 0D 3A EA EE 10 00 00 9C 40 FF FF 80 44 3A
ELRS/CRSF transport: OE on @3281735us
ELRS/CRSF TX len=26 crc=1 bytes=C8 18 16 0C B7 4B 5E DA C2 0A 56 B0 82 15 AC 60 05 2B 58 C1 0A 56 B0 82 15 F3
ELRS/CRSF transport: OE off @3281735us
ELRS/CRSF RX len=26 crc=1 bytes=C8 18 16 0C B7 4B 5E DA C2 0A 56 B0 82 15 AC 60 05 2B 58 C1 0A 56 B0 82 15 F3
ELRS/CRSF RX len=27 crc=1 bytes=EA 19 2B EA EE 05 00 00 0B 54 58 20 50 6F 77 65 72 20 28 31 30 30 6D 57 29 00 A3
ELRS/CRSF transport: OE on @3309730us
ELRS/CRSF TX len=26 crc=1 bytes=C8 18 16 0E B7 8B 5E DA C2 0A 56 B0 82 15 AC 60 05 2B 58 C1 0A 56 B0 82 15 37
ELRS/CRSF transport: OE off @3309730us
ELRS/CRSF RX len=26 crc=1 bytes=C8 18 16 0E B7 8B 5E DA C2 0A 56 B0 82 15 AC 60 05 2B 58 C1 0A 56 B0 82 15 37
ELRS/CRSF RX len=15 crc=1 bytes=EA 0D 3A EA EE 10 00 00 9C 40 FF FF 8D B4 C1
ELRS/CRSF transport: OE on @3348733us
ELRS/CRSF TX len=26 crc=1 bytes=C8 18 16 11 B7 4B 5E DA C2 0A 56 B0 82 15 AC 60 05 2B 58 C1 0A 56 B0 82 15 33
ELRS/CRSF transport: OE off @3348733us
ELRS/CRSF RX len=26 crc=1 bytes=C8 18 16 11 B7 4B 5E DA C2 0A 56 B0 82 15 AC 60 05 2B 58 C1 0A 56 B0 82 15 33
ELRS/CRSF RX len=15 crc=1 bytes=EA 0D 3A EA EE 10 00 00 9C 40 FF FF 6F 64 56
ELRS/CRSF transport: OE on @3387730us
ELRS/CRSF CFG len=8 crc=1 bytes=C8 06 2C EE EF 06 00 47
ELRS/CRSF transport: OE off @3387730us
ELRS/CRSF RX len=8 crc=1 bytes=C8 06 2C EE EF 06 00 47
ELRS/CRSF RX len=15 crc=1 bytes=EA 0D 3A EA EE 10 00 00 9C 40 FF FF 7E 1E D0
ELRS/CRSF transport: OE on @3415733us
ELRS/CRSF TX len=26 crc=1 bytes=C8 18 16 0A B7 8B 5E DA C2 0A 56 B0 82 15 AC 60 05 2B 58 C1 0A 56 B0 82 15 DB
ELRS/CRSF transport: OE off @3415733us
ELRS/CRSF RX len=26 crc=1 bytes=C8 18 16 0A B7 8B 5E DA C2 0A 56 B0 82 15 AC 60 05 2B 58 C1 0A 56 B0 82 15 DB
ELRS/CRSF RX len=50 crc=1 bytes=EA 30 2B EA EE 06 00 05 09 4D 61 78 20 50 6F 77 65 72 00 32 35 3B 35 30 3B 31 30 30 3B 32 35 30 3B 35 30 30 3B 31 30 30 30 00 02 00 05 00 6D 57 00 0E
ELRS/CRSF transport: OE on @3443730us
ELRS/CRSF TX len=26 crc=1 bytes=C8 18 16 13 B7 8B 5E DA C2 0A 56 B0 82 15 AC 60 05 2B 58 C1 0A 56 B0 82 15 F7
ELRS/CRSF transport: OE off @3443730us
ELRS/CRSF RX len=26 crc=1 bytes=C8 18 16 13 B7 8B 5E DA C2 0A 56 B0 82 15 AC 60 05 2B 58 C1 0A 56 B0 82 15 F7
ELRS/CRSF RX len=15 crc=1 bytes=EA 0D 3A EA EE 10 00 00 9C 40 FF FF DF 1C BA
ELRS/CRSF transport: OE on @3484733us
ELRS/CRSF TX len=26 crc=1 bytes=C8 18 16 13 B7 8B 5E DA C2 0A 56 B0 82 15 AC 60 05 2B 58 C1 0A 56 B0 82 15 F7
ELRS/CRSF transport: OE off @3484733us
ELRS/CRSF RX len=26 crc=1 bytes=C8 18 16 13 B7 8B 5E DA C2 0A 56 B0 82 15 AC 60 05 2B 58 C1 0A 56 B0 82 15 F7
ELRS/CRSF RX len=15 crc=1 bytes=EA 0D 3A EA EE 10 00 00 9C 40 FF FF DB A2 27
ELRS/CRSF transport: OE on @3523733us
ELRS/CRSF CFG len=8 crc=1 bytes=C8 06 2C EE EF 07 00 4C
ELRS/CRSF transport: OE off @3523733us
ELRS/CRSF RX len=8 crc=1 bytes=C8 06 2C EE EF 07 00 4C
ELRS/CRSF RX len=15 crc=1 bytes=EA 0D 3A EA EE 10 00 00 9C 40 FF FF 7E 14 86
ELRS/CRSF transport: OE on @3551733us
ELRS/CRSF TX len=26 crc=1 bytes=C8 18 16 11 B7 8B 5E DA C2 0A 56 B0 82 15 AC 60 05 2B 58 C1 0A 56 B0 82 15 81
ELRS/CRSF transport: OE off @3551733us
ELRS/CRSF RX len=26 crc=1 bytes=C8 18 16 11 B7 8B 5E DA C2 0A 56 B0 82 15 AC 60 05 2B 58 C1 0A 56 B0 82 15 81
ELRS/CRSF RX len=54 crc=1 bytes=EA 34 2B EA EE 07 00 05 09 44 79 6E 61 6D 69 63 00 4F 66 66 3B 44 79 6E 3B 41 55 58 39 3B 41 55 58 31 30 3B 41 55 58 31 31 3B 41 55 58 31 32 00 00 00 05 00 00 3D
ELRS/CRSF transport: OE on @3579730us
ELRS/CRSF TX len=26 crc=1 bytes=C8 18 16 13 B7 8B 5E DA C2 0A 56 B0 82 15 AC 60 05 2B 58 C1 0A 56 B0 82 15 F7
ELRS/CRSF transport: OE off @3579730us
ELRS/CRSF RX len=26 crc=1 bytes=C8 18 16 13 B7 8B 5E DA C2 0A 56 B0 82 15 AC 60 05 2B 58 C1 0A 56 B0 82 15 F7
ELRS/CRSF RX len=15 crc=1 bytes=EA 0D 3A EA EE 10 00 00 9C 40 FF FF DB 8E 54
ELRS/CRSF transport: OE on @3619733us
ELRS/CRSF TX len=26 crc=1 bytes=C8 18 16 13 B7 8B 5E DA C2 0A 56 B0 82 15 AC 60 05 2B 58 C1 0A 56 B0 82 15 F7
ELRS/CRSF transport: OE off @3619733us
ELRS/CRSF RX len=26 crc=1 bytes=C8 18 16 13 B7 8B 5E DA C2 0A 56 B0 82 15 AC 60 05 2B 58 C1 0A 56 B0 82 15 F7
ELRS/CRSF RX len=15 crc=1 bytes=EA 0D 3A EA EE 10 00 00 9C 40 FF FF DE D6 95
ELRS/CRSF transport: OE on @3658733us
ELRS/CRSF CFG len=8 crc=1 bytes=C8 06 2C EE EF 08 00 25
ELRS/CRSF transport: OE off @3658733us
ELRS/CRSF RX len=8 crc=1 bytes=C8 06 2C EE EF 08 00 25
ELRS/CRSF RX len=15 crc=1 bytes=EA 0D 3A EA EE 10 00 00 9C 40 FF FF AC E0 4E
ELRS/CRSF transport: OE on @3687730us
ELRS/CRSF TX len=26 crc=1 bytes=C8 18 16 13 B7 8B 5E DA C2 0A 56 B0 82 15 AC 60 05 2B 58 C1 0A 56 B0 82 15 F7
ELRS/CRSF transport: OE off @3687730us
ELRS/CRSF RX len=26 crc=1 bytes=C8 18 16 13 B7 8B 5E DA C2 0A 56 B0 82 15 AC 60 05 2B 58 C1 0A 56 B0 82 15 F7
ELRS/CRSF RX len=64 crc=1 bytes=EA 3E 2B EA EE 08 01 05 09 46 61 6E 20 54 68 72 65 73 68 00 31 30 6D 57 3B 32 35 6D 57 3B 35 30 6D 57 3B 31 30 30 6D 57 3B 32 35 30 6D 57 3B 35 30 30 6D 57 3B 31 30 30 30 6D 57 3B 32 30 30 E7
ELRS/CRSF transport: OE on @3715733us
ELRS/CRSF TX len=26 crc=1 bytes=C8 18 16 13 B7 8B 5E DA C2 0A 56 B0 82 15 AC 60 05 2B 58 C1 0A 56 B0 82 15 F7
ELRS/CRSF transport: OE off @3715733us
ELRS/CRSF RX len=26 crc=1 bytes=C8 18 16 13 B7 8B 5E DA C2 0A 56 B0 82 15 AC 60 05 2B 58 C1 0A 56 B0 82 15 F7
ELRS/CRSF RX len=15 crc=1 bytes=EA 0D 3A EA EE 10 00 00 9C 40 FF FF DE 7C 88
ELRS/CRSF transport: OE on @3766730us
ELRS/CRSF CFG len=8 crc=1 bytes=C8 06 2C EE EF 08 01 F0
ELRS/CRSF transport: OE off @3766730us
ELRS/CRSF RX len=8 crc=1 bytes=C8 06 2C EE EF 08 01 F0
ELRS/CRSF RX len=15 crc=1 bytes=EA 0D 3A EA EE 10 00 00 9C 40 FF FF ED 86 42
ELRS/CRSF transport: OE on @3794733us
ELRS/CRSF TX len=26 crc=1 bytes=C8 18 16 08 B7 8B 5E DA C2 0A 56 B0 82 15 AC 60 05 2B 58 C1 0A 56 B0 82 15 AD
ELRS/CRSF transport: OE off @3794733us
ELRS/CRSF RX len=26 crc=1 bytes=C8 18 16 08 B7 8B 5E DA C2 0A 56 B0 82 15 AC 60 05 2B 58 C1 0A 56 B0 82 15 AD
ELRS/CRSF RX len=23 crc=1 bytes=EA 15 2B EA EE 08 00 30 6D 57 3B 4E 65 76 65 72 00 04 00 08 00 00 95
ELRS/CRSF transport: OE on @3822733us
ELRS/CRSF TX len=26 crc=1 bytes=C8 18 16 0A B7 8B 5E DA C2 0A 56 B0 82 15 AC 60 05 2B 58 C1 0A 56 B0 82 15 DB
ELRS/CRSF transport: OE off @3822733us
ELRS/CRSF RX len=26 crc=1 bytes=C8 18 16 0A B7 8B 5E DA C2 0A 56 B0 82 15 AC 60 05 2B 58 C1 0A 56 B0 82 15 DB
ELRS/CRSF RX len=15 crc=1 bytes=EA 0D 3A EA EE 10 00 00 9C 40 FF FF B4 7E B3
ELRS/CRSF transport: OE on @3861730us
ELRS/CRSF TX len=26 crc=1 bytes=C8 18 16 0E B7 8B 5E DA C2 0A 56 B0 82 15 AC 60 05 2B 58 C1 0A 56 B0 82 15 37
ELRS/CRSF transport: OE off @3861730us
ELRS/CRSF RX len=26 crc=1 bytes=C8 18 16 0E B7 8B 5E DA C2 0A 56 B0 82 15 AC 60 05 2B 58 C1 0A 56 B0 82 15 37
ELRS/CRSF RX len=15 crc=1 bytes=EA 0D 3A EA EE 10 00 00 9C 40 FF FF D8 1E F4
ELRS/CRSF transport: OE on @3890733us
ELRS/CRSF CFG len=8 crc=1 bytes=C8 06 2C EE EF 09 00 2E
ELRS/CRSF transport: OE off @3890733us
ELRS/CRSF RX len=8 crc=1 bytes=C8 06 2C EE EF 09 00 2E
ELRS/CRSF RX len=15 crc=1 bytes=EA 0D 3A EA EE 10 00 00 9C 40 FF FF A6 96 EA
ELRS/CRSF transport: OE on @3918735us
ELRS/CRSF TX len=26 crc=1 bytes=C8 18 16 0A B7 8B 5E DA C2 0A 56 B0 82 15 AC 60 05 2B 58 C1 0A 56 B0 82 15 DB
ELRS/CRSF transport: OE off @3918735us
ELRS/CRSF RX len=26 crc=1 bytes=C8 18 16 0A B7 8B 5E DA C2 0A 56 B0 82 15 AC 60 05 2B 58 C1 0A 56 B0 82 15 DB
ELRS/CRSF RX len=28 crc=1 bytes=EA 1A 2B EA EE 09 00 00 0B 56 54 58 20 41 64 6D 69 6E 69 73 74 72 61 74 6F 72 00 30
ELRS/CRSF transport: OE on @3946730us
ELRS/CRSF TX len=26 crc=1 bytes=C8 18 16 04 B7 8B 5E DA C2 0A 56 B0 82 15 AC 60 05 2B 58 C1 0A 56 B0 82 15 4C
ELRS/CRSF transport: OE off @3946730us
ELRS/CRSF RX len=26 crc=1 bytes=C8 18 16 04 B7 8B 5E DA C2 0A 56 B0 82 15 AC 60 05 2B 58 C1 0A 56 B0 82 15 4C
ELRS/CRSF RX len=15 crc=1 bytes=EA 0D 3A EA EE 10 00 00 9C 40 FF FF B4 56 3E
ELRS/CRSF transport: OE on @3985735us
ELRS/CRSF TX len=26 crc=1 bytes=C8 18 16 0A B7 8B 5E DA C2 0A 56 B0 82 15 AC 60 05 2B 58 C1 0A 56 B0 82 15 DB
ELRS/CRSF transport: OE off @3985735us
ELRS/CRSF RX len=26 crc=1 bytes=C8 18 16 0A B7 8B 5E DA C2 0A 56 B0 82 15 AC 60 05 2B 58 C1 0A 56 B0 82 15 DB
ELRS/CRSF RX len=15 crc=1 bytes=EA 0D 3A EA EE 10 00 00 9C 40 FF FF 96 BA 9C
ELRS/CRSF transport: OE on @4024730us
ELRS/CRSF CFG len=8 crc=1 bytes=C8 06 2C EE EF 0A 00 33
ELRS/CRSF transport: OE off @4024730us
ELRS/CRSF RX len=8 crc=1 bytes=C8 06 2C EE EF 0A 00 33
ELRS/CRSF RX len=15 crc=1 bytes=EA 0D 3A EA EE 10 00 00 9C 40 FF FF A5 1A CF
ELRS/CRSF transport: OE on @4052733us
ELRS/CRSF TX len=26 crc=1 bytes=C8 18 16 10 B7 8B 5E DA C2 0A 56 B0 82 15 AC 60 05 2B 58 C1 0A 56 B0 82 15 BA
ELRS/CRSF transport: OE off @4052733us
ELRS/CRSF RX len=26 crc=1 bytes=C8 18 16 10 B7 8B 5E DA C2 0A 56 B0 82 15 AC 60 05 2B 58 C1 0A 56 B0 82 15 BA
ELRS/CRSF RX len=36 crc=1 bytes=EA 22 2B EA EE 0A 00 09 09 42 61 6E 64 00 4F 66 66 3B 41 3B 42 3B 45 3B 46 3B 52 3B 4C 00 00 00 06 00 00 F2
ELRS/CRSF transport: OE on @4080730us
ELRS/CRSF TX len=26 crc=1 bytes=C8 18 16 10 B7 8B 5E DA C2 0A 56 B0 82 15 AC 60 05 2B 58 C1 0A 56 B0 82 15 BA
ELRS/CRSF transport: OE off @4080730us
ELRS/CRSF RX len=26 crc=1 bytes=C8 18 16 10 B7 8B 5E DA C2 0A 56 B0 82 15 AC 60 05 2B 58 C1 0A 56 B0 82 15 BA
ELRS/CRSF RX len=15 crc=1 bytes=EA 0D 3A EA EE 10 00 00 9C 40 FF FF 68 20 04
ELRS/CRSF transport: OE on @4120733us
ELRS/CRSF TX len=26 crc=1 bytes=C8 18 16 13 B7 8B 5E DA C2 0A 56 B0 82 15 AC 60 05 2B 58 C1 0A 56 B0 82 15 F7
ELRS/CRSF transport: OE off @4120733us
ELRS/CRSF RX len=26 crc=1 bytes=C8 18 16 13 B7 8B 5E DA C2 0A 56 B0 82 15 AC 60 05 2B 58 C1 0A 56 B0 82 15 F7
ELRS/CRSF RX len=15 crc=1 bytes=EA 0D 3A EA EE 10 00 00 9C 40 FF FF EF 5C 22
ELRS/CRSF transport: OE on @4149735us
ELRS/CRSF CFG len=8 crc=1 bytes=C8 06 2C EE EF 0B 00 38
ELRS/CRSF transport: OE off @4149735us
ELRS/CRSF RX len=8 crc=1 bytes=C8 06 2C EE EF 0B 00 38
ELRS/CRSF RX len=15 crc=1 bytes=EA 0D 3A EA EE 10 00 00 9C 40 FF FF 80 4E 6C
ELRS/CRSF transport: OE on @4177733us
ELRS/CRSF TX len=26 crc=1 bytes=C8 18 16 0E B7 8B 5E DA C2 0A 56 B0 82 15 AC 60 05 2B 58 C1 0A 56 B0 82 15 37
ELRS/CRSF transport: OE off @4177733us
ELRS/CRSF RX len=26 crc=1 bytes=C8 18 16 0E B7 8B 5E DA C2 0A 56 B0 82 15 AC 60 05 2B 58 C1 0A 56 B0 82 15 37
ELRS/CRSF RX len=39 crc=1 bytes=EA 25 2B EA EE 0B 00 09 09 43 68 61 6E 6E 65 6C 00 31 3B 32 3B 33 3B 34 3B 35 3B 36 3B 37 3B 38 00 00 00 07 00 00 66
ELRS/CRSF transport: OE on @4205730us
ELRS/CRSF TX len=26 crc=1 bytes=C8 18 16 0F B7 8B 5E DA C2 0A 56 B0 82 15 AC 60 05 2B 58 C1 0A 56 B0 82 15 0C
ELRS/CRSF transport: OE off @4205730us
ELRS/CRSF RX len=26 crc=1 bytes=C8 18 16 0F B7 8B 5E DA C2 0A 56 B0 82 15 AC 60 05 2B 58 C1 0A 56 B0 82 15 0C
ELRS/CRSF RX len=15 crc=1 bytes=EA 0D 3A EA EE 10 00 00 9C 40 FF FF 8E 2C 48
ELRS/CRSF transport: OE on @4245733us
ELRS/CRSF TX len=26 crc=1 bytes=C8 18 16 0E B7 8B 5E DA C2 0A 56 B0 82 15 AC 60 05 2B 58 C1 0A 56 B0 82 15 37
ELRS/CRSF transport: OE off @4245733us
ELRS/CRSF RX len=26 crc=1 bytes=C8 18 16 0E B7 8B 5E DA C2 0A 56 B0 82 15 AC 60 05 2B 58 C1 0A 56 B0 82 15 37
ELRS/CRSF RX len=15 crc=1 bytes=EA 0D 3A EA EE 10 00 00 9C 40 FF FF 7E BE 9B
ELRS/CRSF transport: OE on @4284733us
ELRS/CRSF CFG len=8 crc=1 bytes=C8 06 2C EE EF 0C 00 09
ELRS/CRSF transport: OE off @4284733us
ELRS/CRSF RX len=8 crc=1 bytes=C8 06 2C EE EF 0C 00 09
ELRS/CRSF RX len=15 crc=1 bytes=EA 0D 3A EA EE 10 00 00 9C 40 FF FF 61 72 E7
ELRS/CRSF transport: OE on @4313730us
ELRS/CRSF TX len=26 crc=1 bytes=C8 18 16 0E B7 8B 5E DA C2 0A 56 B0 82 15 AC 60 05 2B 58 C1 0A 56 B0 82 15 37
ELRS/CRSF transport: OE off @4313730us
ELRS/CRSF RX len=26 crc=1 bytes=C8 18 16 0E B7 8B 5E DA C2 0A 56 B0 82 15 AC 60 05 2B 58 C1 0A 56 B0 82 15 37
ELRS/CRSF RX len=41 crc=1 bytes=EA 27 2B EA EE 0C 00 09 09 50 77 72 20 4C 76 6C 00 2D 3B 31 3B 32 3B 33 3B 34 3B 35 3B 36 3B 37 3B 38 00 00 00 08 00 00 50
ELRS/CRSF transport: OE on @4341733us
ELRS/CRSF TX len=26 crc=1 bytes=C8 18 16 10 B7 8B 5E DA C2 0A 56 B0 82 15 AC 60 05 2B 58 C1 0A 56 B0 82 15 BA
ELRS/CRSF transport: OE off @4341733us
ELRS/CRSF RX len=26 crc=1 bytes=C8 18 16 10 B7 8B 5E DA C2 0A 56 B0 82 15 AC 60 05 2B 58 C1 0A 56 B0 82 15 BA
ELRS/CRSF RX len=15 crc=1 bytes=EA 0D 3A EA EE 10 00 00 9C 40 FF FF 91 2E EE
ELRS/CRSF transport: OE on @4381733us
ELRS/CRSF TX len=26 crc=1 bytes=C8 18 16 13 B7 8B 5E DA C2 0A 56 B0 82 15 AC 60 05 2B 58 C1 0A 56 B0 82 15 F7
ELRS/CRSF transport: OE off @4381733us
ELRS/CRSF RX len=26 crc=1 bytes=C8 18 16 13 B7 8B 5E DA C2 0A 56 B0 82 15 AC 60 05 2B 58 C1 0A 56 B0 82 15 F7
ELRS/CRSF RX len=15 crc=1 bytes=EA 0D 3A EA EE 10 00 00 9C 40 FF FF 80 3A F9
ELRS/CRSF transport: OE on @4410733us
ELRS/CRSF CFG len=8 crc=1 bytes=C8 06 2C EE EF 0D 00 02
ELRS/CRSF transport: OE off @4410733us
ELRS/CRSF RX len=8 crc=1 bytes=C8 06 2C EE EF 0D 00 02
ELRS/CRSF RX len=15 crc=1 bytes=EA 0D 3A EA EE 10 00 00 9C 40 FF FF A5 E2 62
ELRS/CRSF transport: OE on @4438733us
ELRS/CRSF TX len=26 crc=1 bytes=C8 18 16 0A B7 8B 5E DA C2 0A 56 B0 82 15 AC 60 05 2B 58 C1 0A 56 B0 82 15 DB
ELRS/CRSF transport: OE off @4438733us
ELRS/CRSF RX len=26 crc=1 bytes=C8 18 16 0A B7 8B 5E DA C2 0A 56 B0 82 15 AC 60 05 2B 58 C1 0A 56 B0 82 15 DB
ELRS/CRSF RX len=64 crc=1 bytes=EA 3E 2B EA EE 0D 02 09 09 50 69 74 6D 6F 64 65 00 4F 66 66 3B 4F 6E 3B 41 55 58 31 C0 3B 41 55 58 31 C1 3B 41 55 58 32 C0 3B 41 55 58 32 C1 3B 41 55 58 33 C0 3B 41 55 58 33 C1 3B 41 55 58 CC
ELRS/CRSF transport: OE on @4466730us
ELRS/CRSF TX len=26 crc=1 bytes=C8 18 16 02 BF 8B 5E DA C2 0A 56 B0 82 15 AC 60 05 2B 58 C1 0A 56 B0 82 15 14
ELRS/CRSF transport: OE off @4466730us
ELRS/CRSF RX len=26 crc=1 bytes=C8 18 16 02 BF 8B 5E DA C2 0A 56 B0 82 15 AC 60 05 2B 58 C1 0A 56 B0 82 15 14
ELRS/CRSF RX len=15 crc=1 bytes=EA 0D 3A EA EE 10 00 00 9C 40 FF FF B3 8E 06
ELRS/CRSF transport: OE on @4517740us
ELRS/CRSF CFG len=8 crc=1 bytes=C8 06 2C EE EF 0D 01 D7
ELRS/CRSF transport: OE off @4517740us
ELRS/CRSF RX len=8 crc=1 bytes=C8 06 2C EE EF 0D 01 D7
ELRS/CRSF RX len=15 crc=1 bytes=EA 0D 3A EA EE 10 00 00 9C 40 FF FF 7D 60 0E
ELRS/CRSF transport: OE on @4546730us
ELRS/CRSF TX len=26 crc=1 bytes=C8 18 16 0A B7 8B 5E DA C2 0A 56 B0 82 15 AC 60 05 2B 58 C1 0A 56 B0 82 15 DB
ELRS/CRSF transport: OE off @4546730us
ELRS/CRSF RX len=26 crc=1 bytes=C8 18 16 0A B7 8B 5E DA C2 0A 56 B0 82 15 AC 60 05 2B 58 C1 0A 56 B0 82 15 DB
ELRS/CRSF RX len=64 crc=1 bytes=EA 3E 2B EA EE 0D 01 34 C0 3B 41 55 58 34 C1 3B 41 55 58 35 C0 3B 41 55 58 35 C1 3B 41 55 58 36 C0 3B 41 55 58 36 C1 3B 41 55 58 37 C0 3B 41 55 58 37 C1 3B 41 55 58 38 C0 3B 41 55 58 38 C1 EB
ELRS/CRSF transport: OE on @4574733us
ELRS/CRSF TX len=26 crc=1 bytes=C8 18 16 09 B7 8B 5E DA C2 0A 56 B0 82 15 AC 60 05 2B 58 C1 0A 56 B0 82 15 96
ELRS/CRSF transport: OE off @4574733us
ELRS/CRSF RX len=26 crc=1 bytes=C8 18 16 09 B7 8B 5E DA C2 0A 56 B0 82 15 AC 60 05 2B 58 C1 0A 56 B0 82 15 96
ELRS/CRSF RX len=15 crc=1 bytes=EA 0D 3A EA EE 10 00 00 9C 40 FF FF B7 E4 45
ELRS/CRSF transport: OE on @4625730us
ELRS/CRSF CFG len=8 crc=1 bytes=C8 06 2C EE EF 0D 02 7D
ELRS/CRSF transport: OE off @4625730us
ELRS/CRSF RX len=8 crc=1 bytes=C8 06 2C EE EF 0D 02 7D
ELRS/CRSF RX len=15 crc=1 bytes=EA 0D 3A EA EE 10 00 00 9C 40 FF FF C5 22 1A
ELRS/CRSF transport: OE on @4653733us
ELRS/CRSF TX len=26 crc=1 bytes=C8 18 16 0F BF 8B 5E DA C2 0A 56 B0 82 15 AC 60 05 2B 58 C1 0A 56 B0 82 15 CE
ELRS/CRSF transport: OE off @4653733us
ELRS/CRSF RX len=26 crc=1 bytes=C8 18 16 0F BF 8B 5E DA C2 0A 56 B0 82 15 AC 60 05 2B 58 C1 0A 56 B0 82 15 CE
ELRS/CRSF RX len=40 crc=1 bytes=EA 26 2B EA EE 0D 00 3B 41 55 58 39 C0 3B 41 55 58 39 C1 3B 41 55 58 31 30 C0 3B 41 55 58 31 30 C1 00 00 00 15 00 00 80
ELRS/CRSF transport: OE on @4681730us
ELRS/CRSF TX len=26 crc=1 bytes=C8 18 16 0A BF 8B 5E DA C2 0A 56 B0 82 15 AC 60 05 2B 58 C1 0A 56 B0 82 15 19
ELRS/CRSF transport: OE off @4681730us
ELRS/CRSF RX len=26 crc=1 bytes=C8 18 16 0A BF 8B 5E DA C2 0A 56 B0 82 15 AC 60 05 2B 58 C1 0A 56 B0 82 15 19
ELRS/CRSF RX len=15 crc=1 bytes=EA 0D 3A EA EE 10 00 00 9C 40 FF FF 8D 5A BF
ELRS/CRSF transport: OE on @4721733us
ELRS/CRSF TX len=26 crc=1 bytes=C8 18 16 0E B7 8B 5E DA C2 0A 56 B0 82 15 AC 60 05 2B 58 C1 0A 56 B0 82 15 37
ELRS/CRSF transport: OE off @4721733us
ELRS/CRSF RX len=26 crc=1 bytes=C8 18 16 0E B7 8B 5E DA C2 0A 56 B0 82 15 AC 60 05 2B 58 C1 0A 56 B0 82 15 37
ELRS/CRSF RX len=15 crc=1 bytes=EA 0D 3A EA EE 10 00 00 9C 40 FF FF 80 44 3A
ELRS/CRSF transport: OE on @4750733us
ELRS/CRSF CFG len=8 crc=1 bytes=C8 06 2C EE EF 0E 00 1F
ELRS/CRSF transport: OE off @4750733us
ELRS/CRSF RX len=8 crc=1 bytes=C8 06 2C EE EF 0E 00 1F
ELRS/CRSF RX len=15 crc=1 bytes=EA 0D 3A EA EE 10 00 00 9C 40 FF FF A6 DC 21
ELRS/CRSF transport: OE on @4778735us
ELRS/CRSF TX len=26 crc=1 bytes=C8 18 16 08 BF 8B 5E DA C2 0A 56 B0 82 15 AC 60 05 2B 58 C1 0A 56 B0 82 15 6F
ELRS/CRSF transport: OE off @4778735us
ELRS/CRSF RX len=26 crc=1 bytes=C8 18 16 08 BF 8B 5E DA C2 0A 56 B0 82 15 AC 60 05 2B 58 C1 0A 56 B0 82 15 6F
ELRS/CRSF RX len=22 crc=1 bytes=EA 14 2B EA EE 0E 00 09 0D 53 65 6E 64 20 56 54 78 00 00 C8 00 BE
ELRS/CRSF transport: OE on @4806733us
ELRS/CRSF TX len=26 crc=1 bytes=C8 18 16 0A B7 8B 5E DA C2 0A 56 B0 82 15 AC 60 05 2B 58 C1 0A 56 B0 82 15 DB
ELRS/CRSF transport: OE off @4806733us
ELRS/CRSF RX len=26 crc=1 bytes=C8 18 16 0A B7 8B 5E DA C2 0A 56 B0 82 15 AC 60 05 2B 58 C1 0A 56 B0 82 15 DB
ELRS/CRSF RX len=15 crc=1 bytes=EA 0D 3A EA EE 10 00 00 9C 40 FF FF B4 60 49
ELRS/CRSF transport: OE on @4845733us
ELRS/CRSF TX len=26 crc=1 bytes=C8 18 16 0B B7 8B 5E DA C2 0A 56 B0 82 15 AC 60 05 2B 58 C1 0A 56 B0 82 15 E0
ELRS/CRSF transport: OE off @4845733us
ELRS/CRSF RX len=26 crc=1 bytes=C8 18 16 0B B7 8B 5E DA C2 0A 56 B0 82 15 AC 60 05 2B 58 C1 0A 56 B0 82 15 E0
ELRS/CRSF RX len=15 crc=1 bytes=EA 0D 3A EA EE 10 00 00 9C 40 FF FF 8F 80 DF
ELRS/CRSF transport: OE on @4874733us
ELRS/CRSF CFG len=8 crc=1 bytes=C8 06 2C EE EF 0F 00 14
ELRS/CRSF transport: OE off @4874733us
ELRS/CRSF RX len=8 crc=1 bytes=C8 06 2C EE EF 0F 00 14
ELRS/CRSF RX len=15 crc=1 bytes=EA 0D 3A EA EE 10 00 00 9C 40 FF FF A6 DC 21
ELRS/CRSF transport: OE on @4902733us
ELRS/CRSF TX len=26 crc=1 bytes=C8 18 16 03 B7 8B 5E DA C2 0A 56 B0 82 15 AC 60 05 2B 58 C1 0A 56 B0 82 15 ED
ELRS/CRSF transport: OE off @4902733us
ELRS/CRSF RX len=26 crc=1 bytes=C8 18 16 03 B7 8B 5E DA C2 0A 56 B0 82 15 AC 60 05 2B 58 C1 0A 56 B0 82 15 ED
ELRS/CRSF RX len=28 crc=1 bytes=EA 1A 2B EA EE 0F 00 00 0B 57 69 46 69 20 43 6F 6E 6E 65 63 74 69 76 69 74 79 00 81
ELRS/CRSF transport: OE on @4930730us
ELRS/CRSF TX len=26 crc=1 bytes=C8 18 16 0B BF 8B 5E DA C2 0A 56 B0 82 15 AC 60 05 2B 58 C1 0A 56 B0 82 15 22
ELRS/CRSF transport: OE off @4930730us
ELRS/CRSF RX len=26 crc=1 bytes=C8 18 16 0B BF 8B 5E DA C2 0A 56 B0 82 15 AC 60 05 2B 58 C1 0A 56 B0 82 15 22
ELRS/CRSF RX len=15 crc=1 bytes=EA 0D 3A EA EE 10 00 00 9C 40 FF FF B4 4C 3A
ELRS/CRSF transport: OE on @4970733us
ELRS/CRSF TX len=26 crc=1 bytes=C8 18 16 0B B7 8B 5E DA C2 0A 56 B0 82 15 AC 60 05 2B 58 C1 0A 56 B0 82 15 E0
ELRS/CRSF transport: OE off @4970733us
ELRS/CRSF RX len=26 crc=1 bytes=C8 18 16 0B B7 8B 5E DA C2 0A 56 B0 82 15 AC 60 05 2B 58 C1 0A 56 B0 82 15 E0
ELRS/CRSF RX len=15 crc=1 bytes=EA 0D 3A EA EE 10 00 00 9C 40 FF FF 96 74 46
ELRS/CRSF transport: OE on @5009733us
ELRS/CRSF CFG len=8 crc=1 bytes=C8 06 2C EE EF 10 00 CD
ELRS/CRSF transport: OE off @5009733us
ELRS/CRSF RX len=8 crc=1 bytes=C8 06 2C EE EF 10 00 CD
ELRS/CRSF RX len=15 crc=1 bytes=EA 0D 3A EA EE 10 00 00 9C 40 FF FF CD F6 9C
ELRS/CRSF transport: OE on @5037733us
ELRS/CRSF TX len=26 crc=1 bytes=C8 18 16 08 BF 8B 5E DA C2 0A 56 B0 82 15 AC 60 05 2B 58 C1 0A 56 B0 82 15 6F
ELRS/CRSF transport: OE off @5037733us
ELRS/CRSF RX len=26 crc=1 bytes=C8 18 16 08 BF 8B 5E DA C2 0A 56 B0 82 15 AC 60 05 2B 58 C1 0A 56 B0 82 15 6F
ELRS/CRSF RX len=25 crc=1 bytes=EA 17 2B EA EE 10 00 0F 0D 45 6E 61 62 6C 65 20 57 69 46 69 00 00 C8 00 CD
ELRS/CRSF transport: OE on @5065736us
ELRS/CRSF TX len=26 crc=1 bytes=C8 18 16 0F BF 8B 5E DA C2 0A 56 B0 82 15 AC 60 05 2B 58 C1 0A 56 B0 82 15 CE
ELRS/CRSF transport: OE off @5065736us
ELRS/CRSF RX len=26 crc=1 bytes=C8 18 16 0F BF 8B 5E DA C2 0A 56 B0 82 15 AC 60 05 2B 58 C1 0A 56 B0 82 15 CE
ELRS/CRSF RX len=15 crc=1 bytes=EA 0D 3A EA EE 10 00 00 9C 40 FF FF 8D 5A BF
ELRS/CRSF transport: OE on @5104730us
ELRS/CRSF TX len=26 crc=1 bytes=C8 18 16 10 BF 8B 5E DA C2 0A 56 B0 82 15 AC 60 05 2B 58 C1 0A 56 B0 82 15 78
ELRS/CRSF transport: OE off @5104730us
ELRS/CRSF RX len=26 crc=1 bytes=C8 18 16 10 BF 8B 5E DA C2 0A 56 B0 82 15 AC 60 05 2B 58 C1 0A 56 B0 82 15 78
ELRS/CRSF RX len=15 crc=1 bytes=EA 0D 3A EA EE 10 00 00 9C 40 FF FF B0 50 93
ELRS/CRSF transport: OE on @5133733us
ELRS/CRSF CFG len=8 crc=1 bytes=C8 06 2C EE EF 11 00 C6
ELRS/CRSF transport: OE off @5133733us
ELRS/CRSF RX len=8 crc=1 bytes=C8 06 2C EE EF 11 00 C6
ELRS/CRSF RX len=15 crc=1 bytes=EA 0D 3A EA EE 10 00 00 9C 40 FF FF 80 76 B3
ELRS/CRSF transport: OE on @5161500us
ELRS/CRSF TX len=26 crc=1 bytes=C8 18 16 0D BF 8B 5E DA C2 0A 56 B0 82 15 AC 60 05 2B 58 C1 0A 56 B0 82 15 B8
ELRS/CRSF transport: OE off @5161500us
ELRS/CRSF RX len=26 crc=1 bytes=C8 18 16 0D BF 8B 5E DA C2 0A 56 B0 82 15 AC 60 05 2B 58 C1 0A 56 B0 82 15 B8
ELRS/CRSF RX len=28 crc=1 bytes=EA 1A 2B EA EE 11 00 0F 0D 45 6E 61 62 6C 65 20 52 78 20 57 69 46 69 00 00 C8 00 8D
ELRS/CRSF transport: OE on @5189733us
ELRS/CRSF TX len=26 crc=1 bytes=C8 18 16 0E B7 8B 5E DA C2 0A 56 B0 82 15 AC 60 05 2B 58 C1 0A 56 B0 82 15 37
ELRS/CRSF transport: OE off @5189733us
ELRS/CRSF RX len=26 crc=1 bytes=C8 18 16 0E B7 8B 5E DA C2 0A 56 B0 82 15 AC 60 05 2B 58 C1 0A 56 B0 82 15 37
ELRS/CRSF RX len=15 crc=1 bytes=EA 0D 3A EA EE 10 00 00 9C 40 FF FF 91 92 20
ELRS/CRSF transport: OE on @5228739us
ELRS/CRSF TX len=26 crc=1 bytes=C8 18 16 12 BF 8B 5E DA C2 0A 56 B0 82 15 AC 60 05 2B 58 C1 0A 56 B0 82 15 0E
ELRS/CRSF transport: OE off @5228739us
ELRS/CRSF RX len=26 crc=1 bytes=C8 18 16 12 BF 8B 5E DA C2 0A 56 B0 82 15 AC 60 05 2B 58 C1 0A 56 B0 82 15 0E
ELRS/CRSF RX len=15 crc=1 bytes=EA 0D 3A EA EE 10 00 00 9C 40 FF FF 6F DC 66
ELRS/CRSF transport: OE on @5267730us
ELRS/CRSF CFG len=8 crc=1 bytes=C8 06 2C EE EF 12 00 DB
ELRS/CRSF transport: OE off @5267730us
ELRS/CRSF RX len=8 crc=1 bytes=C8 06 2C EE EF 12 00 DB
ELRS/CRSF RX len=15 crc=1 bytes=EA 0D 3A EA EE 10 00 00 9C 40 FF FF 7E B4 CD
ELRS/CRSF transport: OE on @5295733us
ELRS/CRSF TX len=26 crc=1 bytes=C8 18 16 10 BF 8B 5E DA C2 0A 56 B0 82 15 AC 60 05 2B 58 C1 0A 56 B0 82 15 78
ELRS/CRSF transport: OE off @5295733us
ELRS/CRSF RX len=26 crc=1 bytes=C8 18 16 10 BF 8B 5E DA C2 0A 56 B0 82 15 AC 60 05 2B 58 C1 0A 56 B0 82 15 78
ELRS/CRSF RX len=34 crc=1 bytes=EA 20 2B EA EE 12 00 0F 0D 45 6E 61 62 6C 65 20 42 61 63 6B 70 61 63 6B 20 57 69 46 69 00 00 C8 00 BB
ELRS/CRSF transport: OE on @5323730us
ELRS/CRSF TX len=26 crc=1 bytes=C8 18 16 13 BF 8B 5E DA C2 0A 56 B0 82 15 AC 60 05 2B 58 C1 0A 56 B0 82 15 35
ELRS/CRSF transport: OE off @5323730us
ELRS/CRSF RX len=26 crc=1 bytes=C8 18 16 13 BF 8B 5E DA C2 0A 56 B0 82 15 AC 60 05 2B 58 C1 0A 56 B0 82 15 35
ELRS/CRSF RX len=15 crc=1 bytes=EA 0D 3A EA EE 10 00 00 9C 40 FF FF DB 5C 0B
ELRS/CRSF transport: OE on @5363733us
ELRS/CRSF TX len=26 crc=1 bytes=C8 18 16 13 BF 8B 5E DA C2 0A 56 B0 82 15 AC 60 05 2B 58 C1 0A 56 B0 82 15 35
ELRS/CRSF transport: OE off @5363733us
ELRS/CRSF RX len=26 crc=1 bytes=C8 18 16 13 BF 8B 5E DA C2 0A 56 B0 82 15 AC 60 05 2B 58 C1 0A 56 B0 82 15 35
ELRS/CRSF RX len=15 crc=1 bytes=EA 0D 3A EA EE 10 00 00 9C 40 FF FF C7 DE 5F
ELRS/CRSF transport: OE on @5392733us
ELRS/CRSF CFG len=8 crc=1 bytes=C8 06 2C EE EF 13 00 D0
ELRS/CRSF transport: OE off @5392733us
ELRS/CRSF RX len=8 crc=1 bytes=C8 06 2C EE EF 13 00 D0
ELRS/CRSF RX len=15 crc=1 bytes=EA 0D 3A EA EE 10 00 00 9C 40 FF FF F5 6A AB
ELRS/CRSF transport: OE on @5420735us
ELRS/CRSF TX len=26 crc=1 bytes=C8 18 16 12 B7 8B 5E DA C2 0A 56 B0 82 15 AC 60 05 2B 58 C1 0A 56 B0 82 15 CC
ELRS/CRSF transport: OE off @5420735us
ELRS/CRSF RX len=26 crc=1 bytes=C8 18 16 12 B7 8B 5E DA C2 0A 56 B0 82 15 AC 60 05 2B 58 C1 0A 56 B0 82 15 CC
ELRS/CRSF RX len=29 crc=1 bytes=EA 1B 2B EA EE 13 00 0F 0D 45 6E 61 62 6C 65 20 56 52 78 20 57 69 46 69 00 00 C8 00 37
ELRS/CRSF transport: OE on @5448730us
ELRS/CRSF TX len=26 crc=1 bytes=C8 18 16 13 B7 8B 5E DA C2 0A 56 B0 82 15 AC 60 05 2B 58 C1 0A 56 B0 82 15 F7
ELRS/CRSF transport: OE off @5448730us
ELRS/CRSF RX len=26 crc=1 bytes=C8 18 16 13 B7 8B 5E DA C2 0A 56 B0 82 15 AC 60 05 2B 58 C1 0A 56 B0 82 15 F7
ELRS/CRSF RX len=15 crc=1 bytes=EA 0D 3A EA EE 10 00 00 9C 40 FF FF 6A D2 E9
ELRS/CRSF transport: OE on @5487759us
ELRS/CRSF TX len=26 crc=1 bytes=C8 18 16 13 BF 8B 5E DA C2 0A 56 B0 82 15 AC 60 05 2B 58 C1 0A 56 B0 82 15 35
ELRS/CRSF transport: OE off @5487759us
ELRS/CRSF RX len=26 crc=1 bytes=C8 18 16 13 BF 8B 5E DA C2 0A 56 B0 82 15 AC 60 05 2B 58 C1 0A 56 B0 82 15 35
ELRS/CRSF RX len=15 crc=1 bytes=EA 0D 3A EA EE 10 00 00 9C 40 FF FF E4 08 56
ELRS/CRSF transport: OE on @5526730us
ELRS/CRSF CFG len=8 crc=1 bytes=C8 06 2C EE EF 14 00 E1
ELRS/CRSF transport: OE off @5526730us
ELRS/CRSF RX len=8 crc=1 bytes=C8 06 2C EE EF 14 00 E1
ELRS/CRSF RX len=15 crc=1 bytes=EA 0D 3A EA EE 10 00 00 9C 40 FF FF EF F2 C1
ELRS/CRSF transport: OE on @5554733us
ELRS/CRSF TX len=26 crc=1 bytes=C8 18 16 0A BF 8B 5E DA C2 0A 56 B0 82 15 AC 60 05 2B 58 C1 0A 56 B0 82 15 19
ELRS/CRSF transport: OE off @5554733us
ELRS/CRSF RX len=26 crc=1 bytes=C8 18 16 0A BF 8B 5E DA C2 0A 56 B0 82 15 AC 60 05 2B 58 C1 0A 56 B0 82 15 19
ELRS/CRSF RX len=19 crc=1 bytes=EA 11 2B EA EE 14 00 00 0B 42 61 63 6B 70 61 63 6B 00 54
ELRS/CRSF transport: OE on @5582733us
ELRS/CRSF TX len=26 crc=1 bytes=C8 18 16 0A BF 8B 5E DA C2 0A 56 B0 82 15 AC 60 05 2B 58 C1 0A 56 B0 82 15 19
ELRS/CRSF transport: OE off @5582733us
ELRS/CRSF RX len=26 crc=1 bytes=C8 18 16 0A BF 8B 5E DA C2 0A 56 B0 82 15 AC 60 05 2B 58 C1 0A 56 B0 82 15 19
ELRS/CRSF RX len=15 crc=1 bytes=EA 0D 3A EA EE 10 00 00 9C 40 FF FF B4 56 3E
ELRS/CRSF transport: OE on @5621730us
ELRS/CRSF TX len=26 crc=1 bytes=C8 18 16 0E BF 8B 5E DA C2 0A 56 B0 82 15 AC 60 05 2B 58 C1 0A 56 B0 82 15 F5
ELRS/CRSF transport: OE off @5621730us
ELRS/CRSF RX len=26 crc=1 bytes=C8 18 16 0E BF 8B 5E DA C2 0A 56 B0 82 15 AC 60 05 2B 58 C1 0A 56 B0 82 15 F5
ELRS/CRSF RX len=15 crc=1 bytes=EA 0D 3A EA EE 10 00 00 9C 40 FF FF D1 CA 79
ELRS/CRSF transport: OE on @5650735us
ELRS/CRSF CFG len=8 crc=1 bytes=C8 06 2C EE EF 15 00 EA
ELRS/CRSF transport: OE off @5650735us
ELRS/CRSF RX len=8 crc=1 bytes=C8 06 2C EE EF 15 00 EA
ELRS/CRSF RX len=15 crc=1 bytes=EA 0D 3A EA EE 10 00 00 9C 40 FF FF A7 90 60
ELRS/CRSF transport: OE on @5678733us
ELRS/CRSF TX len=26 crc=1 bytes=C8 18 16 06 BF 8B 5E DA C2 0A 56 B0 82 15 AC 60 05 2B 58 C1 0A 56 B0 82 15 F8
ELRS/CRSF transport: OE off @5678733us
ELRS/CRSF RX len=26 crc=1 bytes=C8 18 16 06 BF 8B 5E DA C2 0A 56 B0 82 15 AC 60 05 2B 58 C1 0A 56 B0 82 15 F8
ELRS/CRSF RX len=31 crc=1 bytes=EA 1D 2B EA EE 15 00 14 09 42 61 63 6B 70 61 63 6B 00 4F 66 66 3B 4F 6E 00 01 00 01 00 00 F7
ELRS/CRSF transport: OE on @5706730us
ELRS/CRSF TX len=26 crc=1 bytes=C8 18 16 02 BF 8B 5E DA C2 0A 56 B0 82 15 AC 60 05 2B 58 C1 0A 56 B0 82 15 14
ELRS/CRSF transport: OE off @5706730us
ELRS/CRSF RX len=26 crc=1 bytes=C8 18 16 02 BF 8B 5E DA C2 0A 56 B0 82 15 AC 60 05 2B 58 C1 0A 56 B0 82 15 14
ELRS/CRSF RX len=15 crc=1 bytes=EA 0D 3A EA EE 10 00 00 9C 40 FF FF B4 74 E5
ELRS/CRSF transport: OE on @5745730us
ELRS/CRSF TX len=26 crc=1 bytes=C8 18 16 0E BF 8B 5E DA C2 0A 56 B0 82 15 AC 60 05 2B 58 C1 0A 56 B0 82 15 F5
ELRS/CRSF transport: OE off @5745730us
ELRS/CRSF RX len=26 crc=1 bytes=C8 18 16 0E BF 8B 5E DA C2 0A 56 B0 82 15 AC 60 05 2B 58 C1 0A 56 B0 82 15 F5
ELRS/CRSF RX len=15 crc=1 bytes=EA 0D 3A EA EE 10 00 00 9C 40 FF FF 9A 3E F9
ELRS/CRSF transport: OE on @5784730us
ELRS/CRSF CFG len=8 crc=1 bytes=C8 06 2C EE EF 16 00 F7
ELRS/CRSF transport: OE off @5784730us
ELRS/CRSF RX len=8 crc=1 bytes=C8 06 2C EE EF 16 00 F7
ELRS/CRSF RX len=15 crc=1 bytes=EA 0D 3A EA EE 10 00 00 9C 40 FF FF A2 F4 80
ELRS/CRSF transport: OE on @5813730us
ELRS/CRSF TX len=26 crc=1 bytes=C8 18 16 0B BF 8B 5E DA C2 0A 56 B0 82 15 AC 60 05 2B 58 C1 0A 56 B0 82 15 22
ELRS/CRSF transport: OE off @5813730us
ELRS/CRSF RX len=26 crc=1 bytes=C8 18 16 0B BF 8B 5E DA C2 0A 56 B0 82 15 AC 60 05 2B 58 C1 0A 56 B0 82 15 22
ELRS/CRSF RX len=64 crc=1 bytes=EA 3E 2B EA EE 16 02 14 09 44 56 52 20 52 65 63 00 4F 66 66 3B 41 55 58 31 C0 3B 41 55 58 31 C1 3B 41 55 58 32 C0 3B 41 55 58 32 C1 3B 41 55 58 33 C0 3B 41 55 58 33 C1 3B 41 55 58 34 C0 3B 77
ELRS/CRSF transport: OE on @5841733us
ELRS/CRSF TX len=26 crc=1 bytes=C8 18 16 08 BF 8B 5E DA C2 0A 56 B0 82 15 AC 60 05 2B 58 C1 0A 56 B0 82 15 6F
ELRS/CRSF transport: OE off @5841733us
ELRS/CRSF RX len=26 crc=1 bytes=C8 18 16 08 BF 8B 5E DA C2 0A 56 B0 82 15 AC 60 05 2B 58 C1 0A 56 B0 82 15 6F
ELRS/CRSF RX len=15 crc=1 bytes=EA 0D 3A EA EE 10 00 00 9C 40 FF FF 91 24 B8
ELRS/CRSF transport: OE on @5892730us
ELRS/CRSF CFG len=8 crc=1 bytes=C8 06 2C EE EF 16 01 22
ELRS/CRSF transport: OE off @5892730us
ELRS/CRSF RX len=8 crc=1 bytes=C8 06 2C EE EF 16 01 22
ELRS/CRSF RX len=15 crc=1 bytes=EA 0D 3A EA EE 10 00 00 9C 40 FF FF 9D 36 E1
ELRS/CRSF transport: OE on @5920733us
ELRS/CRSF TX len=26 crc=1 bytes=C8 18 16 13 BF 8B 5E DA C2 0A 56 B0 82 15 AC 60 05 2B 58 C1 0A 56 B0 82 15 35
ELRS/CRSF transport: OE off @5920733us
ELRS/CRSF RX len=26 crc=1 bytes=C8 18 16 13 BF 8B 5E DA C2 0A 56 B0 82 15 AC 60 05 2B 58 C1 0A 56 B0 82 15 35
ELRS/CRSF RX len=64 crc=1 bytes=EA 3E 2B EA EE 16 01 41 55 58 34 C1 3B 41 55 58 35 C0 3B 41 55 58 35 C1 3B 41 55 58 36 C0 3B 41 55 58 36 C1 3B 41 55 58 37 C0 3B 41 55 58 37 C1 3B 41 55 58 38 C0 3B 41 55 58 38 C1 3B 41 55 BA
ELRS/CRSF transport: OE on @5948730us
ELRS/CRSF TX len=26 crc=1 bytes=C8 18 16 13 BF 8B 5E DA C2 0A 56 B0 82 15 AC 60 05 2B 58 C1 0A 56 B0 82 15 35
ELRS/CRSF transport: OE off @5948730us
ELRS/CRSF RX len=26 crc=1 bytes=C8 18 16 13 BF 8B 5E DA C2 0A 56 B0 82 15 AC 60 05 2B 58 C1 0A 56 B0 82 15 35
ELRS/CRSF RX len=15 crc=1 bytes=EA 0D 3A EA EE 10 00 00 9C 40 FF FF 67 D0 E9
ELRS/CRSF transport: OE on @5999730us
ELRS/CRSF CFG len=8 crc=1 bytes=C8 06 2C EE EF 16 02 88
ELRS/CRSF transport: OE off @5999730us
ELRS/CRSF RX len=8 crc=1 bytes=C8 06 2C EE EF 16 02 88
ELRS/CRSF RX len=15 crc=1 bytes=EA 0D 3A EA EE 10 00 00 9C 40 FF FF 77 D4 A7
ELRS/CRSF transport: OE on @6028730us
ELRS/CRSF TX len=26 crc=1 bytes=C8 18 16 10 B7 8B 5E DA C2 0A 56 B0 82 15 AC 60 05 2B 58 C1 0A 56 B0 82 15 BA
ELRS/CRSF transport: OE off @6028730us
ELRS/CRSF RX len=26 crc=1 bytes=C8 18 16 10 B7 8B 5E DA C2 0A 56 B0 82 15 AC 60 05 2B 58 C1 0A 56 B0 82 15 BA
ELRS/CRSF RX len=37 crc=1 bytes=EA 23 2B EA EE 16 00 58 39 C0 3B 41 55 58 39 C1 3B 41 55 58 31 30 C0 3B 41 55 58 31 30 C1 00 00 00 14 00 00 20
ELRS/CRSF transport: OE on @6056733us
ELRS/CRSF TX len=26 crc=1 bytes=C8 18 16 13 B7 8B 5E DA C2 0A 56 B0 82 15 AC 60 05 2B 58 C1 0A 56 B0 82 15 F7
ELRS/CRSF transport: OE off @6056733us
ELRS/CRSF RX len=26 crc=1 bytes=C8 18 16 13 B7 8B 5E DA C2 0A 56 B0 82 15 AC 60 05 2B 58 C1 0A 56 B0 82 15 F7
ELRS/CRSF RX len=15 crc=1 bytes=EA 0D 3A EA EE 10 00 00 9C 40 FF FF 6A 6E 27
ELRS/CRSF transport: OE on @6096733us
ELRS/CRSF TX len=26 crc=1 bytes=C8 18 16 13 BF 8B 5E DA C2 0A 56 B0 82 15 AC 60 05 2B 58 C1 0A 56 B0 82 15 35
ELRS/CRSF transport: OE off @6096733us
ELRS/CRSF RX len=26 crc=1 bytes=C8 18 16 13 BF 8B 5E DA C2 0A 56 B0 82 15 AC 60 05 2B 58 C1 0A 56 B0 82 15 35
ELRS/CRSF RX len=15 crc=1 bytes=EA 0D 3A EA EE 10 00 00 9C 40 FF FF F1 82 78
ELRS/CRSF transport: OE on @6125733us
ELRS/CRSF CFG len=8 crc=1 bytes=C8 06 2C EE EF 17 00 FC
ELRS/CRSF transport: OE off @6125733us
ELRS/CRSF RX len=8 crc=1 bytes=C8 06 2C EE EF 17 00 FC
ELRS/CRSF RX len=15 crc=1 bytes=EA 0D 3A EA EE 10 00 00 9C 40 FF FF 7F 86 4F
ELRS/CRSF transport: OE on @6153733us
ELRS/CRSF TX len=26 crc=1 bytes=C8 18 16 0E BF 8B 5E DA C2 0A 56 B0 82 15 AC 60 05 2B 58 C1 0A 56 B0 82 15 F5
ELRS/CRSF transport: OE off @6153733us
ELRS/CRSF RX len=26 crc=1 bytes=C8 18 16 0E BF 8B 5E DA C2 0A 56 B0 82 15 AC 60 05 2B 58 C1 0A 56 B0 82 15 F5
ELRS/CRSF RX len=55 crc=1 bytes=EA 35 2B EA EE 17 00 14 09 44 56 52 20 53 72 74 20 44 6C 79 00 30 73 3B 35 73 3B 31 35 73 3B 33 30 73 3B 34 35 73 3B 31 6D 69 6E 3B 32 6D 69 6E 00 00 00 06 00 00 B2
ELRS/CRSF transport: OE on @6181730us
ELRS/CRSF TX len=26 crc=1 bytes=C8 18 16 0C BF 8B 5E DA C2 0A 56 B0 82 15 AC 60 05 2B 58 C1 0A 56 B0 82 15 83
ELRS/CRSF transport: OE off @6181730us
ELRS/CRSF RX len=26 crc=1 bytes=C8 18 16 0C BF 8B 5E DA C2 0A 56 B0 82 15 AC 60 05 2B 58 C1 0A 56 B0 82 15 83
ELRS/CRSF RX len=15 crc=1 bytes=EA 0D 3A EA EE 10 00 00 9C 40 FF FF 8C 74 B8
ELRS/CRSF transport: OE on @6231730us
ELRS/CRSF CFG len=8 crc=1 bytes=C8 06 2C EE EF 18 00 95
ELRS/CRSF transport: OE off @6231730us
ELRS/CRSF RX len=8 crc=1 bytes=C8 06 2C EE EF 18 00 95
ELRS/CRSF RX len=15 crc=1 bytes=EA 0D 3A EA EE 10 00 00 9C 40 FF FF E9 12 2D
ELRS/CRSF transport: OE on @6260733us
ELRS/CRSF TX len=26 crc=1 bytes=C8 18 16 11 BF 8B 5E DA C2 0A 56 B0 82 15 AC 60 05 2B 58 C1 0A 56 B0 82 15 43
ELRS/CRSF transport: OE off @6260733us
ELRS/CRSF RX len=26 crc=1 bytes=C8 18 16 11 BF 8B 5E DA C2 0A 56 B0 82 15 AC 60 05 2B 58 C1 0A 56 B0 82 15 43
ELRS/CRSF RX len=55 crc=1 bytes=EA 35 2B EA EE 18 00 14 09 44 56 52 20 53 74 70 20 44 6C 79 00 30 73 3B 35 73 3B 31 35 73 3B 33 30 73 3B 34 35 73 3B 31 6D 69 6E 3B 32 6D 69 6E 00 00 00 06 00 00 C8
ELRS/CRSF transport: OE on @6288733us
ELRS/CRSF TX len=26 crc=1 bytes=C8 18 16 13 BF 8B 5E DA C2 0A 56 B0 82 15 AC 60 05 2B 58 C1 0A 56 B0 82 15 35
ELRS/CRSF transport: OE off @6288733us
ELRS/CRSF RX len=26 crc=1 bytes=C8 18 16 13 BF 8B 5E DA C2 0A 56 B0 82 15 AC 60 05 2B 58 C1 0A 56 B0 82 15 35
ELRS/CRSF RX len=15 crc=1 bytes=EA 0D 3A EA EE 10 00 00 9C 40 FF FF 6A 8C 8E
ELRS/CRSF transport: OE on @6328733us
ELRS/CRSF TX len=26 crc=1 bytes=C8 18 16 13 B7 8B 5E DA C2 0A 56 B0 82 15 AC 60 05 2B 58 C1 0A 56 B0 82 15 F7
ELRS/CRSF transport: OE off @6328733us
ELRS/CRSF RX len=26 crc=1 bytes=C8 18 16 13 B7 8B 5E DA C2 0A 56 B0 82 15 AC 60 05 2B 58 C1 0A 56 B0 82 15 F7
ELRS/CRSF RX len=15 crc=1 bytes=EA 0D 3A EA EE 10 00 00 9C 40 FF FF 6A 82 26
ELRS/CRSF transport: OE on @6367733us
ELRS/CRSF CFG len=8 crc=1 bytes=C8 06 2C EE EF 19 00 9E
ELRS/CRSF transport: OE off @6367733us
ELRS/CRSF RX len=8 crc=1 bytes=C8 06 2C EE EF 19 00 9E
ELRS/CRSF RX len=15 crc=1 bytes=EA 0D 3A EA EE 10 00 00 9C 40 FF FF D4 18 01
ELRS/CRSF transport: OE on @6395733us
ELRS/CRSF TX len=26 crc=1 bytes=C8 18 16 13 BF 8B 5E DA C2 0A 56 B0 82 15 AC 60 05 2B 58 C1 0A 56 B0 82 15 35
ELRS/CRSF transport: OE off @6395733us
ELRS/CRSF RX len=26 crc=1 bytes=C8 18 16 13 BF 8B 5E DA C2 0A 56 B0 82 15 AC 60 05 2B 58 C1 0A 56 B0 82 15 35
ELRS/CRSF RX len=64 crc=1 bytes=EA 3E 2B EA EE 19 02 14 09 48 54 20 45 6E 61 62 6C 65 00 4F 66 66 3B 4F 6E 3B 41 55 58 31 C0 3B 41 55 58 31 C1 3B 41 55 58 32 C0 3B 41 55 58 32 C1 3B 41 55 58 33 C0 3B 41 55 58 33 C1 3B 41 4C
ELRS/CRSF transport: OE on @6423730us
ELRS/CRSF TX len=26 crc=1 bytes=C8 18 16 10 BF 8B 5E DA C2 0A 56 B0 82 15 AC 60 05 2B 58 C1 0A 56 B0 82 15 78
ELRS/CRSF transport: OE off @6423730us
ELRS/CRSF RX len=26 crc=1 bytes=C8 18 16 10 BF 8B 5E DA C2 0A 56 B0 82 15 AC 60 05 2B 58 C1 0A 56 B0 82 15 78
ELRS/CRSF RX len=15 crc=1 bytes=EA 0D 3A EA EE 10 00 00 9C 40 FF FF DB 66 AB
ELRS/CRSF transport: OE on @6474730us
ELRS/CRSF CFG len=8 crc=1 bytes=C8 06 2C EE EF 19 01 4B
ELRS/CRSF transport: OE off @6474730us
ELRS/CRSF RX len=8 crc=1 bytes=C8 06 2C EE EF 19 01 4B
ELRS/CRSF RX len=15 crc=1 bytes=EA 0D 3A EA EE 10 00 00 9C 40 FF FF EE BC FF
ELRS/CRSF transport: OE on @6503730us
ELRS/CRSF TX len=26 crc=1 bytes=C8 18 16 13 BF 8B 5E DA C2 0A 56 B0 82 15 AC 60 05 2B 58 C1 0A 56 B0 82 15 35
ELRS/CRSF transport: OE off @6503730us
ELRS/CRSF RX len=26 crc=1 bytes=C8 18 16 13 BF 8B 5E DA C2 0A 56 B0 82 15 AC 60 05 2B 58 C1 0A 56 B0 82 15 35
ELRS/CRSF RX len=64 crc=1 bytes=EA 3E 2B EA EE 19 01 55 58 34 C0 3B 41 55 58 34 C1 3B 41 55 58 35 C0 3B 41 55 58 35 C1 3B 41 55 58 36 C0 3B 41 55 58 36 C1 3B 41 55 58 37 C0 3B 41 55 58 37 C1 3B 41 55 58 38 C0 3B 41 55 58 EA
ELRS/CRSF transport: OE on @6531733us
ELRS/CRSF TX len=26 crc=1 bytes=C8 18 16 13 BF 8B 5E DA C2 0A 56 B0 82 15 AC 60 05 2B 58 C1 0A 56 B0 82 15 35
ELRS/CRSF transport: OE off @6531733us
ELRS/CRSF RX len=26 crc=1 bytes=C8 18 16 13 BF 8B 5E DA C2 0A 56 B0 82 15 AC 60 05 2B 58 C1 0A 56 B0 82 15 35
ELRS/CRSF RX len=15 crc=1 bytes=EA 0D 3A EA EE 10 00 00 9C 40 FF FF DE F4 4E
ELRS/CRSF transport: OE on @6582730us
ELRS/CRSF CFG len=8 crc=1 bytes=C8 06 2C EE EF 19 02 E1
ELRS/CRSF transport: OE off @6582730us
ELRS/CRSF RX len=8 crc=1 bytes=C8 06 2C EE EF 19 02 E1
ELRS/CRSF RX len=15 crc=1 bytes=EA 0D 3A EA EE 10 00 00 9C 40 FF FF ED B8 1C
ELRS/CRSF transport: OE on @6610733us
ELRS/CRSF TX len=26 crc=1 bytes=C8 18 16 07 BF 8B 5E DC C2 0A 56 B0 82 15 AC 60 05 2B 58 C1 0A 56 B0 82 15 47
ELRS/CRSF transport: OE off @6610733us
ELRS/CRSF RX len=26 crc=1 bytes=C8 18 16 07 BF 8B 5E DC C2 0A 56 B0 82 15 AC 60 05 2B 58 C1 0A 56 B0 82 15 47
ELRS/CRSF RX len=42 crc=1 bytes=EA 28 2B EA EE 19 00 38 C1 3B 41 55 58 39 C0 3B 41 55 58 39 C1 3B 41 55 58 31 30 C0 3B 41 55 58 31 30 C1 00 00 00 15 00 00 D6
ELRS/CRSF transport: OE on @6638730us
ELRS/CRSF TX len=26 crc=1 bytes=C8 18 16 07 BF 8B 5E DA C2 0A 56 B0 82 15 AC 60 05 2B 58 C1 0A 56 B0 82 15 C3
ELRS/CRSF transport: OE off @6638730us
ELRS/CRSF RX len=26 crc=1 bytes=C8 18 16 07 BF 8B 5E DA C2 0A 56 B0 82 15 AC 60 05 2B 58 C1 0A 56 B0 82 15 C3
ELRS/CRSF RX len=15 crc=1 bytes=EA 0D 3A EA EE 10 00 00 9C 40 FF FF B5 14 D7
ELRS/CRSF transport: OE on @6678733us
ELRS/CRSF TX len=26 crc=1 bytes=C8 18 16 0A BF 8B 5E DC C2 0A 56 B0 82 15 AC 60 05 2B 58 C1 0A 56 B0 82 15 9D
ELRS/CRSF transport: OE off @6678733us
ELRS/CRSF RX len=26 crc=1 bytes=C8 18 16 0A BF 8B 5E DC C2 0A 56 B0 82 15 AC 60 05 2B 58 C1 0A 56 B0 82 15 9D
ELRS/CRSF RX len=15 crc=1 bytes=EA 0D 3A EA EE 10 00 00 9C 40 FF FF AB 00 A9
ELRS/CRSF transport: OE on @6707733us
ELRS/CRSF CFG len=8 crc=1 bytes=C8 06 2C EE EF 1A 00 83
ELRS/CRSF transport: OE off @6707733us
ELRS/CRSF RX len=8 crc=1 bytes=C8 06 2C EE EF 1A 00 83
ELRS/CRSF RX len=15 crc=1 bytes=EA 0D 3A EA EE 10 00 00 9C 40 FF FF CA 7C 14
ELRS/CRSF transport: OE on @6735735us
ELRS/CRSF TX len=26 crc=1 bytes=C8 18 16 13 BF 8B 5E DA C2 0A 56 B0 82 15 AC 60 05 2B 58 C1 0A 56 B0 82 15 35
ELRS/CRSF transport: OE off @6735735us
ELRS/CRSF RX len=26 crc=1 bytes=C8 18 16 13 BF 8B 5E DA C2 0A 56 B0 82 15 AC 60 05 2B 58 C1 0A 56 B0 82 15 35
ELRS/CRSF RX len=64 crc=1 bytes=EA 3E 2B EA EE 1A 01 14 09 48 54 20 53 74 61 72 74 20 43 68 61 6E 6E 65 6C 00 41 55 58 31 3B 41 55 58 32 3B 41 55 58 33 3B 41 55 58 34 3B 41 55 58 35 3B 41 55 58 36 3B 41 55 58 37 3B 41 55 8E
ELRS/CRSF transport: OE on @6763730us
ELRS/CRSF TX len=26 crc=1 bytes=C8 18 16 13 BF 8B 5E DA C2 0A 56 B0 82 15 AC 60 05 2B 58 C1 0A 56 B0 82 15 35
ELRS/CRSF transport: OE off @6763730us
ELRS/CRSF RX len=26 crc=1 bytes=C8 18 16 13 BF 8B 5E DA C2 0A 56 B0 82 15 AC 60 05 2B 58 C1 0A 56 B0 82 15 35
ELRS/CRSF RX len=15 crc=1 bytes=EA 0D 3A EA EE 10 00 00 9C 40 FF FF DB 7A 2E
ELRS/CRSF transport: OE on @6814733us
ELRS/CRSF CFG len=8 crc=1 bytes=C8 06 2C EE EF 1A 01 56
ELRS/CRSF transport: OE off @6814733us
ELRS/CRSF RX len=8 crc=1 bytes=C8 06 2C EE EF 1A 01 56
ELRS/CRSF RX len=15 crc=1 bytes=EA 0D 3A EA EE 10 00 00 9C 40 FF FF A4 CA E4
ELRS/CRSF transport: OE on @6842733us
ELRS/CRSF TX len=26 crc=1 bytes=C8 18 16 0A BF 8B 5E DC C2 0A 56 B0 82 15 AC 60 05 2B 58 C1 0A 56 B0 82 15 9D
ELRS/CRSF transport: OE off @6842733us
ELRS/CRSF RX len=26 crc=1 bytes=C8 18 16 0A BF 8B 5E DC C2 0A 56 B0 82 15 AC 60 05 2B 58 C1 0A 56 B0 82 15 9D
ELRS/CRSF RX len=27 crc=1 bytes=EA 19 2B EA EE 1A 00 58 38 3B 41 55 58 39 3B 41 55 58 31 30 00 00 00 09 00 00 98
ELRS/CRSF transport: OE on @6870759us
ELRS/CRSF TX len=26 crc=1 bytes=C8 18 16 0A BF 8B 5E DC C2 0A 56 B0 82 15 AC 60 05 2B 58 C1 0A 56 B0 82 15 9D
ELRS/CRSF transport: OE off @6870759us
ELRS/CRSF RX len=26 crc=1 bytes=C8 18 16 0A BF 8B 5E DC C2 0A 56 B0 82 15 AC 60 05 2B 58 C1 0A 56 B0 82 15 9D
ELRS/CRSF RX len=15 crc=1 bytes=EA 0D 3A EA EE 10 00 00 9C 40 FF FF B3 A2 75
ELRS/CRSF transport: OE on @6909730us
ELRS/CRSF TX len=26 crc=1 bytes=C8 18 16 0D BF 8B 5E DC C2 0A 56 B0 82 15 AC 60 05 2B 58 C1 0A 56 B0 82 15 3C
ELRS/CRSF transport: OE off @6909730us
ELRS/CRSF RX len=26 crc=1 bytes=C8 18 16 0D BF 8B 5E DC C2 0A 56 B0 82 15 AC 60 05 2B 58 C1 0A 56 B0 82 15 3C
ELRS/CRSF RX len=15 crc=1 bytes=EA 0D 3A EA EE 10 00 00 9C 40 FF FF DD 3C 08
ELRS/CRSF transport: OE on @6938733us
ELRS/CRSF CFG len=8 crc=1 bytes=C8 06 2C EE EF 1B 00 88
ELRS/CRSF transport: OE off @6938733us
ELRS/CRSF RX len=8 crc=1 bytes=C8 06 2C EE EF 1B 00 88
ELRS/CRSF RX len=15 crc=1 bytes=EA 0D 3A EA EE 10 00 00 9C 40 FF FF A6 8C EE
ELRS/CRSF transport: OE on @6966735us
ELRS/CRSF TX len=26 crc=1 bytes=C8 18 16 04 BF 8B 5E DC C2 0A 56 B0 82 15 AC 60 05 2B 58 C1 0A 56 B0 82 15 0A
ELRS/CRSF transport: OE off @6966735us
ELRS/CRSF RX len=26 crc=1 bytes=C8 18 16 04 BF 8B 5E DC C2 0A 56 B0 82 15 AC 60 05 2B 58 C1 0A 56 B0 82 15 0A
ELRS/CRSF RX len=24 crc=1 bytes=EA 16 2B EA EE 1B 00 14 0C 56 65 72 73 69 6F 6E 00 31 2E 33 2E 30 00 84
ELRS/CRSF transport: OE on @6994733us
ELRS/CRSF TX len=26 crc=1 bytes=C8 18 16 0A BF 8B 5E DA C2 0A 56 B0 82 15 AC 60 05 2B 58 C1 0A 56 B0 82 15 19
ELRS/CRSF transport: OE off @6994733us
ELRS/CRSF RX len=26 crc=1 bytes=C8 18 16 0A BF 8B 5E DA C2 0A 56 B0 82 15 AC 60 05 2B 58 C1 0A 56 B0 82 15 19
ELRS/CRSF RX len=15 crc=1 bytes=EA 0D 3A EA EE 10 00 00 9C 40 FF FF B4 7E B3
ELRS/CRSF transport: OE on @7033733us
ELRS/CRSF TX len=26 crc=1 bytes=C8 18 16 07 BF 8B 5E DA C2 0A 56 B0 82 15 AC 60 05 2B 58 C1 0A 56 B0 82 15 C3
ELRS/CRSF transport: OE off @7033733us
ELRS/CRSF RX len=26 crc=1 bytes=C8 18 16 07 BF 8B 5E DA C2 0A 56 B0 82 15 AC 60 05 2B 58 C1 0A 56 B0 82 15 C3
ELRS/CRSF RX len=15 crc=1 bytes=EA 0D 3A EA EE 10 00 00 9C 40 FF FF 92 BE 4E
ELRS/CRSF transport: OE on @7072730us
ELRS/CRSF CFG len=8 crc=1 bytes=C8 06 2C EE EF 1C 00 B9
ELRS/CRSF transport: OE off @7072730us
ELRS/CRSF RX len=8 crc=1 bytes=C8 06 2C EE EF 1C 00 B9
ELRS/CRSF RX len=15 crc=1 bytes=EA 0D 3A EA EE 10 00 00 9C 40 FF FF A4 CA E4
ELRS/CRSF transport: OE on @7100733us
ELRS/CRSF TX len=26 crc=1 bytes=C8 18 16 13 BF 8B 5E DA C2 0A 56 B0 82 15 AC 60 05 2B 58 C1 0A 56 B0 82 15 35
ELRS/CRSF transport: OE off @7100733us
ELRS/CRSF RX len=26 crc=1 bytes=C8 18 16 13 BF 8B 5E DA C2 0A 56 B0 82 15 AC 60 05 2B 58 C1 0A 56 B0 82 15 35
ELRS/CRSF RX len=26 crc=1 bytes=EA 18 2B EA EE 1C 00 00 0D 42 4C 45 20 4A 6F 79 73 74 69 63 6B 00 00 C8 00 37
ELRS/CRSF transport: OE on @7128730us
ELRS/CRSF TX len=26 crc=1 bytes=C8 18 16 13 BF 8B 5E DC C2 0A 56 B0 82 15 AC 60 05 2B 58 C1 0A 56 B0 82 15 B1
ELRS/CRSF transport: OE off @7128730us
ELRS/CRSF RX len=26 crc=1 bytes=C8 18 16 13 BF 8B 5E DC C2 0A 56 B0 82 15 AC 60 05 2B 58 C1 0A 56 B0 82 15 B1
ELRS/CRSF RX len=15 crc=1 bytes=EA 0D 3A EA EE 10 00 00 9C 40 FF FF 67 8A 70
ELRS/CRSF transport: OE on @7168730us
ELRS/CRSF TX len=26 crc=1 bytes=C8 18 16 13 BF 8B 5E DC C2 0A 56 B0 82 15 AC 60 05 2B 58 C1 0A 56 B0 82 15 B1
ELRS/CRSF transport: OE off @7168730us
ELRS/CRSF RX len=26 crc=1 bytes=C8 18 16 13 BF 8B 5E DC C2 0A 56 B0 82 15 AC 60 05 2B 58 C1 0A 56 B0 82 15 B1
ELRS/CRSF RX len=15 crc=1 bytes=EA 0D 3A EA EE 10 00 00 9C 40 FF FF 8D 46 3A
ELRS/CRSF transport: OE on @7197735us
ELRS/CRSF CFG len=8 crc=1 bytes=C8 06 2C EE EF 1D 00 B2
ELRS/CRSF transport: OE off @7197735us
ELRS/CRSF RX len=8 crc=1 bytes=C8 06 2C EE EF 1D 00 B2
ELRS/CRSF RX len=15 crc=1 bytes=EA 0D 3A EA EE 10 00 00 9C 40 FF FF 80 76 B3
ELRS/CRSF transport: OE on @7225733us
ELRS/CRSF TX len=26 crc=1 bytes=C8 18 16 08 BF 8B 5E DA C2 0A 56 B0 82 15 AC 60 05 2B 58 C1 0A 56 B0 82 15 6F
ELRS/CRSF transport: OE off @7225733us
ELRS/CRSF RX len=26 crc=1 bytes=C8 18 16 08 BF 8B 5E DA C2 0A 56 B0 82 15 AC 60 05 2B 58 C1 0A 56 B0 82 15 6F
ELRS/CRSF RX len=18 crc=1 bytes=EA 10 2B EA EE 1D 00 00 0D 42 69 6E 64 00 00 C8 00 FD
ELRS/CRSF transport: OE on @7253733us
ELRS/CRSF TX len=26 crc=1 bytes=C8 18 16 0D BF 8B 5E DC C2 0A 56 B0 82 15 AC 60 05 2B 58 C1 0A 56 B0 82 15 3C
ELRS/CRSF transport: OE off @7253733us
ELRS/CRSF RX len=26 crc=1 bytes=C8 18 16 0D BF 8B 5E DC C2 0A 56 B0 82 15 AC 60 05 2B 58 C1 0A 56 B0 82 15 3C
ELRS/CRSF RX len=15 crc=1 bytes=EA 0D 3A EA EE 10 00 00 9C 40 FF FF 8E 40 A6
ELRS/CRSF transport: OE on @7292733us
ELRS/CRSF TX len=26 crc=1 bytes=C8 18 16 13 BF 8B 5E DA C2 0A 56 B0 82 15 AC 60 05 2B 58 C1 0A 56 B0 82 15 35
ELRS/CRSF transport: OE off @7292733us
ELRS/CRSF RX len=26 crc=1 bytes=C8 18 16 13 BF 8B 5E DA C2 0A 56 B0 82 15 AC 60 05 2B 58 C1 0A 56 B0 82 15 35
ELRS/CRSF RX len=15 crc=1 bytes=EA 0D 3A EA EE 10 00 00 9C 40 FF FF 66 90 7F
ELRS/CRSF transport: OE on @7321733us
ELRS/CRSF CFG len=8 crc=1 bytes=C8 06 2C EE EF 1E 00 AF
ELRS/CRSF transport: OE off @7321733us
ELRS/CRSF RX len=8 crc=1 bytes=C8 06 2C EE EF 1E 00 AF
ELRS/CRSF RX len=15 crc=1 bytes=EA 0D 3A EA EE 10 00 00 9C 40 FF FF 7F FE 0D
ELRS/CRSF transport: OE on @7349733us
ELRS/CRSF TX len=26 crc=1 bytes=C8 18 16 0D BF 8B 5E DC C2 0A 56 B0 82 15 AC 60 05 2B 58 C1 0A 56 B0 82 15 3C
ELRS/CRSF transport: OE off @7349733us
ELRS/CRSF RX len=26 crc=1 bytes=C8 18 16 0D BF 8B 5E DC C2 0A 56 B0 82 15 AC 60 05 2B 58 C1 0A 56 B0 82 15 3C
ELRS/CRSF RX len=23 crc=1 bytes=EA 15 2B EA EE 1E 00 00 8C 42 61 64 2F 47 6F 6F 64 00 30 2F 32 00 DD
ELRS/CRSF transport: OE on @7377733us
ELRS/CRSF TX len=26 crc=1 bytes=C8 18 16 0B BF 8B 5E DA C2 0A 56 B0 82 15 AC 60 05 2B 58 C1 0A 56 B0 82 15 22
ELRS/CRSF transport: OE off @7377733us
ELRS/CRSF RX len=26 crc=1 bytes=C8 18 16 0B BF 8B 5E DA C2 0A 56 B0 82 15 AC 60 05 2B 58 C1 0A 56 B0 82 15 22
ELRS/CRSF RX len=15 crc=1 bytes=EA 0D 3A EA EE 10 00 00 9C 40 FF FF 8C 7E EE
ELRS/CRSF transport: OE on @7416735us
ELRS/CRSF TX len=26 crc=1 bytes=C8 18 16 13 BF 8B 5E DC C2 0A 56 B0 82 15 AC 60 05 2B 58 C1 0A 56 B0 82 15 B1
ELRS/CRSF transport: OE off @7416735us
ELRS/CRSF RX len=26 crc=1 bytes=C8 18 16 13 BF 8B 5E DC C2 0A 56 B0 82 15 AC 60 05 2B 58 C1 0A 56 B0 82 15 B1
ELRS/CRSF RX len=15 crc=1 bytes=EA 0D 3A EA EE 10 00 00 9C 40 FF FF 69 B0 B2
ELRS/CRSF transport: OE on @7445733us
ELRS/CRSF CFG len=8 crc=1 bytes=C8 06 2C EE EF 1F 00 A4
ELRS/CRSF transport: OE off @7445733us
ELRS/CRSF RX len=8 crc=1 bytes=C8 06 2C EE EF 1F 00 A4
ELRS/CRSF RX len=15 crc=1 bytes=EA 0D 3A EA EE 10 00 00 9C 40 FF FF 7D 42 D5
ELRS/CRSF transport: OE on @7473733us
ELRS/CRSF TX len=26 crc=1 bytes=C8 18 16 0E BF 8B 5E DC C2 0A 56 B0 82 15 AC 60 05 2B 58 C1 0A 56 B0 82 15 71
ELRS/CRSF transport: OE off @7473733us
ELRS/CRSF RX len=26 crc=1 bytes=C8 18 16 0E BF 8B 5E DC C2 0A 56 B0 82 15 AC 60 05 2B 58 C1 0A 56 B0 82 15 71
ELRS/CRSF RX len=30 crc=1 bytes=EA 1C 2B EA EE 1F 00 00 0C 33 2E 33 2E 31 20 49 53 4D 32 47 34 00 65 30 35 31 62 38 00 09
ELRS/CRSF transport: OE on @7501730us
ELRS/CRSF TX len=26 crc=1 bytes=C8 18 16 0E BF 8B 5E DA C2 0A 56 B0 82 15 AC 60 05 2B 58 C1 0A 56 B0 82 15 F5
ELRS/CRSF transport: OE off @7501730us
ELRS/CRSF RX len=26 crc=1 bytes=C8 18 16 0E BF 8B 5E DA C2 0A 56 B0 82 15 AC 60 05 2B 58 C1 0A 56 B0 82 15 F5
ELRS/CRSF RX len=15 crc=1 bytes=EA 0D 3A EA EE 10 00 00 9C 40 FF FF 8E 40 A6
ELRS/CRSF transport: OE on @7540730us
ELRS/CRSF TX len=26 crc=1 bytes=C8 18 16 13 BF 8B 5E DA C2 0A 56 B0 82 15 AC 60 05 2B 58 C1 0A 56 B0 82 15 35
ELRS/CRSF transport: OE off @7540730us
ELRS/CRSF RX len=26 crc=1 bytes=C8 18 16 13 BF 8B 5E DA C2 0A 56 B0 82 15 AC 60 05 2B 58 C1 0A 56 B0 82 15 35
ELRS/CRSF RX len=15 crc=1 bytes=EA 0D 3A EA EE 10 00 00 9C 40 FF FF 73 74 C0
ELRS/CRSF transport: OE on @7579730us
ELRS/CRSF TX len=26 crc=1 bytes=C8 18 16 11 BF 8B 5E DA C2 0A 56 B0 82 15 AC 60 05 2B 58 C1 0A 56 B0 82 15 43
ELRS/CRSF transport: OE off @7579730us
ELRS/CRSF RX len=26 crc=1 bytes=C8 18 16 11 BF 8B 5E DA C2 0A 56 B0 82 15 AC 60 05 2B 58 C1 0A 56 B0 82 15 43
ELRS/CRSF RX len=15 crc=1 bytes=EA 0D 3A EA EE 10 00 00 9C 40 FF FF 7C 34 34
ELRS/CRSF transport: OE on @7608735us
ELRS/CRSF TX len=26 crc=1 bytes=C8 18 16 13 BF 8B 5E DC C2 0A 56 B0 82 15 AC 60 05 2B 58 C1 0A 56 B0 82 15 B1
ELRS/CRSF transport: OE off @7608735us
ELRS/CRSF: module settings apply complete
ELRS/CRSF RX len=26 crc=1 bytes=C8 18 16 13 BF 8B 5E DC C2 0A 56 B0 82 15 AC 60 05 2B 58 C1 0A 56 B0 82 15 B1
ELRS/CRSF RX len=15 crc=1 bytes=EA 0D 3A EA EE 10 00 00 9C 40 FF FF F5 24 9E
ELRS/CRSF transport: OE on @7647735us
ELRS/CRSF TX len=26 crc=1 bytes=C8 18 16 13 BF 8B 5E DC C2 0A 56 B0 82 15 AC 60 05 2B 58 C1 0A 56 B0 82 15 B1
ELRS/CRSF transport: OE off @7647735us
ELRS/CRSF RX len=26 crc=1 bytes=C8 18 16 13 BF 8B 5E DC C2 0A 56 B0 82 15 AC 60 05 2B 58 C1 0A 56 B0 82 15 B1
ELRS/CRSF RX len=15 crc=1 bytes=EA 0D 3A EA EE 10 00 00 9C 40 FF FF D6 7A 51
ELRS/CRSF transport: OE on @7686733us
ELRS/CRSF TX len=26 crc=1 bytes=C8 18 16 0A BF 8B 5E DC C2 0A 56 B0 82 15 AC 60 05 2B 58 C1 0A 56 B0 82 15 9D
ELRS/CRSF transport: OE off @7686733us
ELRS/CRSF RX len=26 crc=1 bytes=C8 18 16 0A BF 8B 5E DC C2 0A 56 B0 82 15 AC 60 05 2B 58 C1 0A 56 B0 82 15 9D
ELRS/CRSF RX len=15 crc=1 bytes=EA 0D 3A EA EE 10 00 00 9C 40 FF FF F3 62 B8
ELRS/CRSF transport: OE on @7715733us
ELRS/CRSF TX len=26 crc=1 bytes=C8 18 16 13 BF 8B 5E DC C2 0A 56 B0 82 15 AC 60 05 2B 58 C1 0A 56 B0 82 15 B1
ELRS/CRSF transport: OE off @7715733us
ELRS/CRSF RX len=26 crc=1 bytes=C8 18 16 13 BF 8B 5E DC C2 0A 56 B0 82 15 AC 60 05 2B 58 C1 0A 56 B0 82 15 B1
ELRS/CRSF RX len=15 crc=1 bytes=EA 0D 3A EA EE 10 00 00 9C 40 FF FF CD 74 0C
ELRS/CRSF transport: OE on @7754733us
ELRS/CRSF TX len=26 crc=1 bytes=C8 18 16 0A BF 8B 5E DC C2 0A 56 B0 82 15 AC 60 05 2B 58 C1 0A 56 B0 82 15 9D
ELRS/CRSF transport: OE off @7754733us
ELRS/CRSF RX len=26 crc=1 bytes=C8 18 16 0A BF 8B 5E DC C2 0A 56 B0 82 15 AC 60 05 2B 58 C1 0A 56 B0 82 15 9D
ELRS/CRSF RX len=15 crc=1 bytes=EA 0D 3A EA EE 10 00 00 9C 40 FF FF AB DC 5E
ELRS/CRSF transport: OE on @7783733us
ELRS/CRSF TX len=26 crc=1 bytes=C8 18 16 10 BF 8B 5E DC C2 0A 56 B0 82 15 AC 60 05 2B 58 C1 0A 56 B0 82 15 FC
ELRS/CRSF transport: OE off @7783733us
ELRS/CRSF RX len=26 crc=1 bytes=C8 18 16 10 BF 8B 5E DC C2 0A 56 B0 82 15 AC 60 05 2B 58 C1 0A 56 B0 82 15 FC
ELRS/CRSF RX len=15 crc=1 bytes=EA 0D 3A EA EE 10 00 00 9C 40 FF FF CD 56 D7
ELRS/CRSF transport: OE on @7822733us
ELRS/CRSF TX len=26 crc=1 bytes=C8 18 16 06 BF 8B 5E DC C2 0A 56 B0 82 15 AC 60 05 2B 58 C1 0A 56 B0 82 15 7C
ELRS/CRSF transport: OE off @7822733us
ELRS/CRSF RX len=26 crc=1 bytes=C8 18 16 06 BF 8B 5E DC C2 0A 56 B0 82 15 AC 60 05 2B 58 C1 0A 56 B0 82 15 7C
ELRS/CRSF RX len=15 crc=1 bytes=EA 0D 3A EA EE 10 00 00 9C 40 FF FF AA BA ED
ELRS/CRSF transport: OE on @7851735us
ELRS/CRSF TX len=26 crc=1 bytes=C8 18 16 13 BF 8B 5E DC C2 0A 56 B0 82 15 AC 60 05 2B 58 C1 0A 56 B0 82 15 B1
ELRS/CRSF transport: OE off @7851735us
ELRS/CRSF RX len=26 crc=1 bytes=C8 18 16 13 BF 8B 5E DC C2 0A 56 B0 82 15 AC 60 05 2B 58 C1 0A 56 B0 82 15 B1
ELRS/CRSF RX len=15 crc=1 bytes=EA 0D 3A EA EE 10 00 00 9C 40 FF FF CE 1E 7E
ELRS/CRSF transport: OE on @7890733us
ELRS/CRSF TX len=26 crc=1 bytes=C8 18 16 05 BF 8B 5E DC C2 0A 56 B0 82 15 AC 60 05 2B 58 C1 0A 56 B0 82 15 31
ELRS/CRSF transport: OE off @7890733us
ELRS/CRSF RX len=26 crc=1 bytes=C8 18 16 05 BF 8B 5E DC C2 0A 56 B0 82 15 AC 60 05 2B 58 C1 0A 56 B0 82 15 31
ELRS/CRSF RX len=15 crc=1 bytes=EA 0D 3A EA EE 10 00 00 9C 40 FF FF AC 18 E3
ELRS/CRSF transport: OE on @7919733us
ELRS/CRSF TX len=26 crc=1 bytes=C8 18 16 13 BF 8B 5E DC C2 0A 56 B0 82 15 AC 60 05 2B 58 C1 0A 56 B0 82 15 B1
ELRS/CRSF transport: OE off @7919733us
ELRS/CRSF RX len=26 crc=1 bytes=C8 18 16 13 BF 8B 5E DC C2 0A 56 B0 82 15 AC 60 05 2B 58 C1 0A 56 B0 82 15 B1
ELRS/CRSF RX len=15 crc=1 bytes=EA 0D 3A EA EE 10 00 00 9C 40 FF FF CD 56 D7
ELRS/CRSF transport: OE on @7958733us
ELRS/CRSF TX len=26 crc=1 bytes=C8 18 16 0A BF 8B 5E DC C2 0A 56 B0 82 15 AC 60 05 2B 58 C1 0A 56 B0 82 15 9D
ELRS/CRSF transport: OE off @7958733us
ELRS/CRSF RX len=26 crc=1 bytes=C8 18 16 0A BF 8B 5E DC C2 0A 56 B0 82 15 AC 60 05 2B 58 C1 0A 56 B0 82 15 9D
ELRS/CRSF RX len=15 crc=1 bytes=EA 0D 3A EA EE 10 00 00 9C 40 FF FF AB 64 6E
ELRS/CRSF transport: OE on @7987733us
ELRS/CRSF TX len=26 crc=1 bytes=C8 18 16 13 BF 8B 5E DC C2 0A 56 B0 82 15 AC 60 05 2B 58 C1 0A 56 B0 82 15 B1
ELRS/CRSF transport: OE off @7987733us
ELRS/CRSF RX len=26 crc=1 bytes=C8 18 16 13 BF 8B 5E DC C2 0A 56 B0 82 15 AC 60 05 2B 58 C1 0A 56 B0 82 15 B1
ELRS/CRSF RX len=15 crc=1 bytes=EA 0D 3A EA EE 10 00 00 9C 40 FF FF CD 6A F6
ELRS/CRSF transport: OE on @8026733us
ELRS/CRSF TX len=26 crc=1 bytes=C8 18 16 0A BF 8B 5E DC C2 0A 56 B0 82 15 AC 60 05 2B 58 C1 0A 56 B0 82 15 9D
ELRS/CRSF transport: OE off @8026733us
ELRS/CRSF RX len=26 crc=1 bytes=C8 18 16 0A BF 8B 5E DC C2 0A 56 B0 82 15 AC 60 05 2B 58 C1 0A 56 B0 82 15 9D
ELRS/CRSF RX len=15 crc=1 bytes=EA 0D 3A EA EE 10 00 00 9C 40 FF FF AB 64 6E
ELRS/CRSF transport: OE on @8055735us
ELRS/CRSF TX len=26 crc=1 bytes=C8 18 16 13 BF 8B 5E DA C2 0A 56 B0 82 15 AC 60 05 2B 58 C1 0A 56 B0 82 15 35
ELRS/CRSF transport: OE off @8055735us
ELRS/CRSF RX len=26 crc=1 bytes=C8 18 16 13 BF 8B 5E DA C2 0A 56 B0 82 15 AC 60 05 2B 58 C1 0A 56 B0 82 15 35
ELRS/CRSF RX len=15 crc=1 bytes=EA 0D 3A EA EE 10 00 00 9C 40 FF FF CD A6 53
ELRS/CRSF transport: OE on @8094733us
ELRS/CRSF TX len=26 crc=1 bytes=C8 18 16 08 BF 8B 5E DC C2 0A 56 B0 82 15 AC 60 05 2B 58 C1 0A 56 B0 82 15 EB
ELRS/CRSF transport: OE off @8094733us
ELRS/CRSF RX len=26 crc=1 bytes=C8 18 16 08 BF 8B 5E DC C2 0A 56 B0 82 15 AC 60 05 2B 58 C1 0A 56 B0 82 15 EB
ELRS/CRSF RX len=15 crc=1 bytes=EA 0D 3A EA EE 10 00 00 9C 40 FF FF AC 90 25
ELRS/CRSF transport: OE on @8123733us
ELRS/CRSF TX len=26 crc=1 bytes=C8 18 16 13 BF 8B 5E DC C2 0A 56 B0 82 15 AC 60 05 2B 58 C1 0A 56 B0 82 15 B1
ELRS/CRSF transport: OE off @8123733us
ELRS/CRSF RX len=26 crc=1 bytes=C8 18 16 13 BF 8B 5E DC C2 0A 56 B0 82 15 AC 60 05 2B 58 C1 0A 56 B0 82 15 B1
ELRS/CRSF RX len=15 crc=1 bytes=EA 0D 3A EA EE 10 00 00 9C 40 FF FF CC F2 69
ELRS/CRSF transport: OE on @8162733us
ELRS/CRSF TX len=26 crc=1 bytes=C8 18 16 0A BF 8B 5E DC C2 0A 56 B0 82 15 AC 60 05 2B 58 C1 0A 56 B0 82 15 9D
ELRS/CRSF transport: OE off @8162733us
ELRS/CRSF RX len=26 crc=1 bytes=C8 18 16 0A BF 8B 5E DC C2 0A 56 B0 82 15 AC 60 05 2B 58 C1 0A 56 B0 82 15 9D
ELRS/CRSF RX len=15 crc=1 bytes=EA 0D 3A EA EE 10 00 00 9C 40 FF FF AB 5A 30
ELRS/CRSF transport: OE on @8191733us
ELRS/CRSF TX len=26 crc=1 bytes=C8 18 16 13 BF 8B 5E DC C2 0A 56 B0 82 15 AC 60 05 2B 58 C1 0A 56 B0 82 15 B1
ELRS/CRSF transport: OE off @8191733us
ELRS/CRSF RX len=26 crc=1 bytes=C8 18 16 13 BF 8B 5E DC C2 0A 56 B0 82 15 AC 60 05 2B 58 C1 0A 56 B0 82 15 B1
ELRS/CRSF RX len=15 crc=1 bytes=EA 0D 3A EA EE 10 00 00 9C 40 FF FF CC FC C1
ELRS/CRSF transport: OE on @8230733us
ELRS/CRSF TX len=26 crc=1 bytes=C8 18 16 09 BF 8B 5E DC C2 0A 56 B0 82 15 AC 60 05 2B 58 C1 0A 56 B0 82 15 D0
ELRS/CRSF transport: OE off @8230733us
ELRS/CRSF RX len=26 crc=1 bytes=C8 18 16 09 BF 8B 5E DC C2 0A 56 B0 82 15 AC 60 05 2B 58 C1 0A 56 B0 82 15 D0
ELRS/CRSF RX len=15 crc=1 bytes=EA 0D 3A EA EE 10 00 00 9C 40 FF FF AB 8C 91
ELRS/CRSF transport: OE on @8259735us
ELRS/CRSF TX len=26 crc=1 bytes=C8 18 16 10 BF 8B 5E DC C2 0A 56 B0 82 15 AC 60 05 2B 58 C1 0A 56 B0 82 15 FC
ELRS/CRSF transport: OE off @8259735us
ELRS/CRSF RX len=26 crc=1 bytes=C8 18 16 10 BF 8B 5E DC C2 0A 56 B0 82 15 AC 60 05 2B 58 C1 0A 56 B0 82 15 FC
ELRS/CRSF RX len=15 crc=1 bytes=EA 0D 3A EA EE 10 00 00 9C 40 FF FF CD C4 15
ELRS/CRSF transport: OE on @8298733us
ELRS/CRSF TX len=26 crc=1 bytes=C8 18 16 04 BF 8B 5E DC C2 0A 56 B0 82 15 AC 60 05 2B 58 C1 0A 56 B0 82 15 0A
ELRS/CRSF transport: OE off @8298733us
ELRS/CRSF RX len=26 crc=1 bytes=C8 18 16 04 BF 8B 5E DC C2 0A 56 B0 82 15 AC 60 05 2B 58 C1 0A 56 B0 82 15 0A
ELRS/CRSF RX len=15 crc=1 bytes=EA 0D 3A EA EE 10 00 00 9C 40 FF FF AB 8C 91
ELRS/CRSF transport: OE on @8327733us
ELRS/CRSF TX len=26 crc=1 bytes=C8 18 16 13 BF CB 5E DC C2 0A 56 B0 82 15 AC 60 05 2B 58 C1 0A 56 B0 82 15 DF
ELRS/CRSF transport: OE off @8327733us
ELRS/CRSF RX len=26 crc=1 bytes=C8 18 16 13 BF CB 5E DC C2 0A 56 B0 82 15 AC 60 05 2B 58 C1 0A 56 B0 82 15 DF
ELRS/CRSF RX len=15 crc=1 bytes=EA 0D 3A EA EE 10 00 00 9C 40 FF FF CC D4 4C
ELRS/CRSF transport: OE on @8366733us
ELRS/CRSF TX len=26 crc=1 bytes=C8 18 16 09 BF 8B 5E DC C2 0A 56 B0 82 15 AC 60 05 2B 58 C1 0A 56 B0 82 15 D0
ELRS/CRSF transport: OE off @8366733us
ELRS/CRSF RX len=26 crc=1 bytes=C8 18 16 09 BF 8B 5E DC C2 0A 56 B0 82 15 AC 60 05 2B 58 C1 0A 56 B0 82 15 D0
ELRS/CRSF RX len=15 crc=1 bytes=EA 0D 3A EA EE 10 00 00 9C 40 FF FF AB A0 E2
ELRS/CRSF transport: OE on @8395733us
ELRS/CRSF TX len=26 crc=1 bytes=C8 18 16 13 BF 8B 5E DC C2 0A 56 B0 82 15 AC 60 05 2B 58 C1 0A 56 B0 82 15 B1
ELRS/CRSF transport: OE off @8395733us
ELRS/CRSF RX len=26 crc=1 bytes=C8 18 16 13 BF 8B 5E DC C2 0A 56 B0 82 15 AC 60 05 2B 58 C1 0A 56 B0 82 15 B1
ELRS/CRSF RX len=15 crc=1 bytes=EA 0D 3A EA EE 10 00 00 9C 40 FF FF CC E8 6D
ELRS/CRSF transport: OE on @8434733us
ELRS/CRSF TX len=26 crc=1 bytes=C8 18 16 09 BF CB 5E DC C2 0A 56 B0 82 15 AC 60 05 2B 58 C1 0A 56 B0 82 15 BE
ELRS/CRSF transport: OE off @8434733us
ELRS/CRSF RX len=26 crc=1 bytes=C8 18 16 09 BF CB 5E DC C2 0A 56 B0 82 15 AC 60 05 2B 58 C1 0A 56 B0 82 15 BE
ELRS/CRSF RX len=15 crc=1 bytes=EA 0D 3A EA EE 10 00 00 9C 40 FF FF AB E6 FE
ELRS/CRSF transport: OE on @8463735us
ELRS/CRSF TX len=26 crc=1 bytes=C8 18 16 12 BF 8B 5E DC C2 0A 56 B0 82 15 AC 60 05 2B 58 C1 0A 56 B0 82 15 8A
ELRS/CRSF transport: OE off @8463735us
ELRS/CRSF RX len=26 crc=1 bytes=C8 18 16 12 BF 8B 5E DC C2 0A 56 B0 82 15 AC 60 05 2B 58 C1 0A 56 B0 82 15 8A
ELRS/CRSF RX len=15 crc=1 bytes=EA 0D 3A EA EE 10 00 00 9C 40 FF FF CE 32 0D
ELRS/CRSF transport: OE on @8502733us
ELRS/CRSF TX len=26 crc=1 bytes=C8 18 16 0B BF 8B 5E DC C2 0A 56 B0 82 15 AC 60 05 2B 58 C1 0A 56 B0 82 15 A6
ELRS/CRSF transport: OE off @8502733us
ELRS/CRSF RX len=26 crc=1 bytes=C8 18 16 0B BF 8B 5E DC C2 0A 56 B0 82 15 AC 60 05 2B 58 C1 0A 56 B0 82 15 A6
ELRS/CRSF RX len=15 crc=1 bytes=EA 0D 3A EA EE 10 00 00 9C 40 FF FF AC 18 E3
ELRS/CRSF transport: OE on @8531733us
ELRS/CRSF TX len=26 crc=1 bytes=C8 18 16 13 BF 8B 5E DC C2 0A 56 B0 82 15 AC 60 05 2B 58 C1 0A 56 B0 82 15 B1
ELRS/CRSF transport: OE off @8531733us
ELRS/CRSF RX len=26 crc=1 bytes=C8 18 16 13 BF 8B 5E DC C2 0A 56 B0 82 15 AC 60 05 2B 58 C1 0A 56 B0 82 15 B1
ELRS/CRSF RX len=15 crc=1 bytes=EA 0D 3A EA EE 10 00 00 9C 40 FF FF CD 06 18
ELRS/CRSF transport: OE on @8570733us
ELRS/CRSF TX len=26 crc=1 bytes=C8 18 16 0A BF 8B 5E DC C2 0A 56 B0 82 15 AC 60 05 2B 58 C1 0A 56 B0 82 15 9D
ELRS/CRSF transport: OE off @8570733us
ELRS/CRSF RX len=26 crc=1 bytes=C8 18 16 0A BF 8B 5E DC C2 0A 56 B0 82 15 AC 60 05 2B 58 C1 0A 56 B0 82 15 9D
ELRS/CRSF RX len=15 crc=1 bytes=EA 0D 3A EA EE 10 00 00 9C 40 FF FF AB A0 E2
ELRS/CRSF transport: OE on @8599733us
ELRS/CRSF TX len=26 crc=1 bytes=C8 18 16 10 BF 8B 5E DC C2 0A 56 B0 82 15 AC 60 05 2B 58 C1 0A 56 B0 82 15 FC
ELRS/CRSF transport: OE off @8599733us
ELRS/CRSF RX len=26 crc=1 bytes=C8 18 16 10 BF 8B 5E DC C2 0A 56 B0 82 15 AC 60 05 2B 58 C1 0A 56 B0 82 15 FC
ELRS/CRSF RX len=15 crc=1 bytes=EA 0D 3A EA EE 10 00 00 9C 40 FF FF CC CA B6
ELRS/CRSF transport: OE on @8638733us
ELRS/CRSF TX len=26 crc=1 bytes=C8 18 16 0A BF 8B 5E DC C2 0A 56 B0 82 15 AC 60 05 2B 58 C1 0A 56 B0 82 15 9D
ELRS/CRSF transport: OE off @8638733us
ELRS/CRSF RX len=26 crc=1 bytes=C8 18 16 0A BF 8B 5E DC C2 0A 56 B0 82 15 AC 60 05 2B 58 C1 0A 56 B0 82 15 9D
ELRS/CRSF RX len=15 crc=1 bytes=EA 0D 3A EA EE 10 00 00 9C 40 FF FF AA 92 60
ELRS/CRSF transport: OE on @8667735us
ELRS/CRSF TX len=26 crc=1 bytes=C8 18 16 13 BF 8B 5E DC C2 0A 56 B0 82 15 AC 60 05 2B 58 C1 0A 56 B0 82 15 B1
ELRS/CRSF transport: OE off @8667735us
ELRS/CRSF RX len=26 crc=1 bytes=C8 18 16 13 BF 8B 5E DC C2 0A 56 B0 82 15 AC 60 05 2B 58 C1 0A 56 B0 82 15 B1
ELRS/CRSF RX len=15 crc=1 bytes=EA 0D 3A EA EE 10 00 00 9C 40 FF FF CD BA D6
ELRS/CRSF transport: OE on @8706733us
ELRS/CRSF TX len=26 crc=1 bytes=C8 18 16 09 BF 8B 5E DC C2 0A 56 B0 82 15 AC 60 05 2B 58 C1 0A 56 B0 82 15 D0
ELRS/CRSF transport: OE off @8706733us
ELRS/CRSF RX len=26 crc=1 bytes=C8 18 16 09 BF 8B 5E DC C2 0A 56 B0 82 15 AC 60 05 2B 58 C1 0A 56 B0 82 15 D0
ELRS/CRSF RX len=15 crc=1 bytes=EA 0D 3A EA EE 10 00 00 9C 40 FF FF AC B8 A8
ELRS/CRSF transport: OE on @8735733us
ELRS/CRSF TX len=26 crc=1 bytes=C8 18 16 13 BF 8B 5E DC C2 0A 56 B0 82 15 AC 60 05 2B 58 C1 0A 56 B0 82 15 B1
ELRS/CRSF transport: OE off @8735733us
ELRS/CRSF RX len=26 crc=1 bytes=C8 18 16 13 BF 8B 5E DC C2 0A 56 B0 82 15 AC 60 05 2B 58 C1 0A 56 B0 82 15 B1
ELRS/CRSF RX len=15 crc=1 bytes=EA 0D 3A EA EE 10 00 00 9C 40 FF FF CD 56 D7
ELRS/CRSF transport: OE on @8774733us
ELRS/CRSF TX len=26 crc=1 bytes=C8 18 16 0B BF 8B 5E DC C2 0A 56 B0 82 15 AC 60 05 2B 58 C1 0A 56 B0 82 15 A6
ELRS/CRSF transport: OE off @8774733us
ELRS/CRSF RX len=26 crc=1 bytes=C8 18 16 0B BF 8B 5E DC C2 0A 56 B0 82 15 AC 60 05 2B 58 C1 0A 56 B0 82 15 A6
ELRS/CRSF RX len=15 crc=1 bytes=EA 0D 3A EA EE 10 00 00 9C 40 FF FF AC 04 66
ELRS/CRSF transport: OE on @8803733us
ELRS/CRSF TX len=26 crc=1 bytes=C8 18 16 13 BF 8B 5E DC C2 0A 56 B0 82 15 AC 60 05 2B 58 C1 0A 56 B0 82 15 B1
ELRS/CRSF transport: OE off @8803733us
ELRS/CRSF RX len=26 crc=1 bytes=C8 18 16 13 BF 8B 5E DC C2 0A 56 B0 82 15 AC 60 05 2B 58 C1 0A 56 B0 82 15 B1
ELRS/CRSF RX len=15 crc=1 bytes=EA 0D 3A EA EE 10 00 00 9C 40 FF FF CD 4C D3
ELRS/CRSF transport: OE on @8842733us
ELRS/CRSF TX len=26 crc=1 bytes=C8 18 16 0A BF 8B 5E DC C2 0A 56 B0 82 15 AC 60 05 2B 58 C1 0A 56 B0 82 15 9D
ELRS/CRSF transport: OE off @8842733us
ELRS/CRSF RX len=26 crc=1 bytes=C8 18 16 0A BF 8B 5E DC C2 0A 56 B0 82 15 AC 60 05 2B 58 C1 0A 56 B0 82 15 9D
ELRS/CRSF RX len=15 crc=1 bytes=EA 0D 3A EA EE 10 00 00 9C 40 FF FF AB 46 B5
ELRS/CRSF transport: OE on @8871735us
ELRS/CRSF TX len=26 crc=1 bytes=C8 18 16 13 BF CB 5E DC C2 0A 56 B0 82 15 AC 60 05 2B 58 C1 0A 56 B0 82 15 DF
ELRS/CRSF transport: OE off @8871735us
ELRS/CRSF RX len=26 crc=1 bytes=C8 18 16 13 BF CB 5E DC C2 0A 56 B0 82 15 AC 60 05 2B 58 C1 0A 56 B0 82 15 DF
ELRS/CRSF RX len=15 crc=1 bytes=EA 0D 3A EA EE 10 00 00 9C 40 FF FF CE 14 28
ELRS/CRSF transport: OE on @8910733us
ELRS/CRSF TX len=26 crc=1 bytes=C8 18 16 06 BF 8B 5E DC C2 0A 56 B0 82 15 AC 60 05 2B 58 C1 0A 56 B0 82 15 7C
ELRS/CRSF transport: OE off @8910733us
ELRS/CRSF RX len=26 crc=1 bytes=C8 18 16 06 BF 8B 5E DC C2 0A 56 B0 82 15 AC 60 05 2B 58 C1 0A 56 B0 82 15 7C
ELRS/CRSF RX len=15 crc=1 bytes=EA 0D 3A EA EE 10 00 00 9C 40 FF FF AC 9A 73
ELRS/CRSF transport: OE on @8939733us
ELRS/CRSF TX len=26 crc=1 bytes=C8 18 16 13 BF 8B 5E DC C2 0A 56 B0 82 15 AC 60 05 2B 58 C1 0A 56 B0 82 15 B1
ELRS/CRSF transport: OE off @8939733us
ELRS/CRSF RX len=26 crc=1 bytes=C8 18 16 13 BF 8B 5E DC C2 0A 56 B0 82 15 AC 60 05 2B 58 C1 0A 56 B0 82 15 B1
ELRS/CRSF RX len=15 crc=1 bytes=EA 0D 3A EA EE 10 00 00 9C 40 FF FF CC CA B6
ELRS/CRSF transport: OE on @8978733us
ELRS/CRSF TX len=26 crc=1 bytes=C8 18 16 06 BF 8B 5E DC C2 0A 56 B0 82 15 AC 60 05 2B 58 C1 0A 56 B0 82 15 7C
ELRS/CRSF transport: OE off @8978733us
ELRS/CRSF RX len=26 crc=1 bytes=C8 18 16 06 BF 8B 5E DC C2 0A 56 B0 82 15 AC 60 05 2B 58 C1 0A 56 B0 82 15 7C
ELRS/CRSF RX len=15 crc=1 bytes=EA 0D 3A EA EE 10 00 00 9C 40 FF FF AB 64 6E
ELRS/CRSF transport: OE on @9007733us
ELRS/CRSF TX len=26 crc=1 bytes=C8 18 16 13 BF 8B 5E DC C2 0A 56 B0 82 15 AC 60 05 2B 58 C1 0A 56 B0 82 15 B1
ELRS/CRSF transport: OE off @9007733us
ELRS/CRSF RX len=26 crc=1 bytes=C8 18 16 13 BF 8B 5E DC C2 0A 56 B0 82 15 AC 60 05 2B 58 C1 0A 56 B0 82 15 B1
ELRS/CRSF RX len=15 crc=1 bytes=EA 0D 3A EA EE 10 00 00 9C 40 FF FF CD 6A F6
ELRS/CRSF transport: OE on @9046733us
ELRS/CRSF TX len=26 crc=1 bytes=C8 18 16 09 BF CB 5E DC C2 0A 56 B0 82 15 AC 60 05 2B 58 C1 0A 56 B0 82 15 BE
ELRS/CRSF transport: OE off @9046733us
ELRS/CRSF RX len=26 crc=1 bytes=C8 18 16 09 BF CB 5E DC C2 0A 56 B0 82 15 AC 60 05 2B 58 C1 0A 56 B0 82 15 BE
ELRS/CRSF RX len=15 crc=1 bytes=EA 0D 3A EA EE 10 00 00 9C 40 FF FF AB E6 FE
ELRS/CRSF transport: OE on @9075735us
ELRS/CRSF TX len=26 crc=1 bytes=C8 18 16 13 BF CB 5E DC C2 0A 56 B0 82 15 AC 60 05 2B 58 C1 0A 56 B0 82 15 DF
ELRS/CRSF transport: OE off @9075735us
ELRS/CRSF RX len=26 crc=1 bytes=C8 18 16 13 BF CB 5E DC C2 0A 56 B0 82 15 AC 60 05 2B 58 C1 0A 56 B0 82 15 DF
ELRS/CRSF RX len=15 crc=1 bytes=EA 0D 3A EA EE 10 00 00 9C 40 FF FF CE 0A D2
ELRS/CRSF transport: OE on @9114733us
ELRS/CRSF TX len=26 crc=1 bytes=C8 18 16 08 BF CB 5E DC C2 0A 56 B0 82 15 AC 60 05 2B 58 C1 0A 56 B0 82 15 85
ELRS/CRSF transport: OE off @9114733us
ELRS/CRSF RX len=26 crc=1 bytes=C8 18 16 08 BF CB 5E DC C2 0A 56 B0 82 15 AC 60 05 2B 58 C1 0A 56 B0 82 15 85
ELRS/CRSF RX len=15 crc=1 bytes=EA 0D 3A EA EE 10 00 00 9C 40 FF FF AC 0E 30
ELRS/CRSF transport: OE on @9143733us
ELRS/CRSF TX len=26 crc=1 bytes=C8 18 16 11 BF CB 5E DC C2 0A 56 B0 82 15 AC 60 05 2B 58 C1 0A 56 B0 82 15 A9
ELRS/CRSF transport: OE off @9143733us
ELRS/CRSF RX len=26 crc=1 bytes=C8 18 16 11 BF CB 5E DC C2 0A 56 B0 82 15 AC 60 05 2B 58 C1 0A 56 B0 82 15 A9
ELRS/CRSF RX len=15 crc=1 bytes=EA 0D 3A EA EE 10 00 00 9C 40 FF FF CD 06 18
ELRS/CRSF transport: OE on @9182733us
ELRS/CRSF TX len=26 crc=1 bytes=C8 18 16 06 BF 8B 5E DC C2 0A 56 B0 82 15 AC 60 05 2B 58 C1 0A 56 B0 82 15 7C
ELRS/CRSF transport: OE off @9182733us
ELRS/CRSF RX len=26 crc=1 bytes=C8 18 16 06 BF 8B 5E DC C2 0A 56 B0 82 15 AC 60 05 2B 58 C1 0A 56 B0 82 15 7C
ELRS/CRSF RX len=15 crc=1 bytes=EA 0D 3A EA EE 10 00 00 9C 40 FF FF AB D2 F6
ELRS/CRSF transport: OE on @9211733us
ELRS/CRSF TX len=26 crc=1 bytes=C8 18 16 13 BF CB 5E DC C2 0A 56 B0 82 15 AC 60 05 2B 58 C1 0A 56 B0 82 15 DF
ELRS/CRSF transport: OE off @9211733us
ELRS/CRSF RX len=26 crc=1 bytes=C8 18 16 13 BF CB 5E DC C2 0A 56 B0 82 15 AC 60 05 2B 58 C1 0A 56 B0 82 15 DF
ELRS/CRSF RX len=15 crc=1 bytes=EA 0D 3A EA EE 10 00 00 9C 40 FF FF CC CA B6
ELRS/CRSF transport: OE on @9250733us
ELRS/CRSF TX len=26 crc=1 bytes=C8 18 16 13 BF CB 5E DC C2 0A 56 B0 82 15 AC 60 05 2B 58 C1 0A 56 B0 82 15 DF
ELRS/CRSF transport: OE off @9250733us
ELRS/CRSF RX len=26 crc=1 bytes=C8 18 16 13 BF CB 5E DC C2 0A 56 B0 82 15 AC 60 05 2B 58 C1 0A 56 B0 82 15 DF
ELRS/CRSF RX len=15 crc=1 bytes=EA 0D 3A EA EE 10 00 00 9C 40 FF FF AB 64 6E
ELRS/CRSF transport: OE on @9279735us
ELRS/CRSF TX len=26 crc=1 bytes=C8 18 16 13 BF 8B 5E DC C2 0A 56 B0 82 15 AC 60 05 2B 58 C1 0A 56 B0 82 15 B1
ELRS/CRSF transport: OE off @9279735us
ELRS/CRSF RX len=26 crc=1 bytes=C8 18 16 13 BF 8B 5E DC C2 0A 56 B0 82 15 AC 60 05 2B 58 C1 0A 56 B0 82 15 B1
ELRS/CRSF RX len=15 crc=1 bytes=EA 0D 3A EA EE 10 00 00 9C 40 FF FF CD 9C F3
ELRS/CRSF transport: OE on @9318733us
ELRS/CRSF TX len=26 crc=1 bytes=C8 18 16 0A BF CB 5E DC C2 0A 56 B0 82 15 AC 60 05 2B 58 C1 0A 56 B0 82 15 F3
ELRS/CRSF transport: OE off @9318733us
ELRS/CRSF RX len=26 crc=1 bytes=C8 18 16 0A BF CB 5E DC C2 0A 56 B0 82 15 AC 60 05 2B 58 C1 0A 56 B0 82 15 F3
ELRS/CRSF RX len=15 crc=1 bytes=EA 0D 3A EA EE 10 00 00 9C 40 FF FF AC 18 E3
ELRS/CRSF transport: OE on @9347733us
ELRS/CRSF TX len=26 crc=1 bytes=C8 18 16 13 BF 8B 5E DC C2 0A 56 B0 82 15 AC 60 05 2B 58 C1 0A 56 B0 82 15 B1
ELRS/CRSF transport: OE off @9347733us
ELRS/CRSF RX len=26 crc=1 bytes=C8 18 16 13 BF 8B 5E DC C2 0A 56 B0 82 15 AC 60 05 2B 58 C1 0A 56 B0 82 15 B1
ELRS/CRSF RX len=15 crc=1 bytes=EA 0D 3A EA EE 10 00 00 9C 40 FF FF CC 84 83
ELRS/CRSF transport: OE on @9386733us
ELRS/CRSF TX len=26 crc=1 bytes=C8 18 16 0A BF CB 5E DC C2 0A 56 B0 82 15 AC 60 05 2B 58 C1 0A 56 B0 82 15 F3
ELRS/CRSF transport: OE off @9386733us
ELRS/CRSF RX len=26 crc=1 bytes=C8 18 16 0A BF CB 5E DC C2 0A 56 B0 82 15 AC 60 05 2B 58 C1 0A 56 B0 82 15 F3
ELRS/CRSF RX len=15 crc=1 bytes=EA 0D 3A EA EE 10 00 00 9C 40 FF FF AB E6 FE
ELRS/CRSF transport: OE on @9415733us
ELRS/CRSF TX len=26 crc=1 bytes=C8 18 16 13 BF 8B 5E DC C2 0A 56 B0 82 15 AC 60 05 2B 58 C1 0A 56 B0 82 15 B1
ELRS/CRSF transport: OE off @9415733us
ELRS/CRSF RX len=26 crc=1 bytes=C8 18 16 13 BF 8B 5E DC C2 0A 56 B0 82 15 AC 60 05 2B 58 C1 0A 56 B0 82 15 B1
ELRS/CRSF RX len=15 crc=1 bytes=EA 0D 3A EA EE 10 00 00 9C 40 FF FF CC F2 69
ELRS/CRSF transport: OE on @9454733us
ELRS/CRSF TX len=26 crc=1 bytes=C8 18 16 0A BF CB 5E DC C2 0A 56 B0 82 15 AC 60 05 2B 58 C1 0A 56 B0 82 15 F3
ELRS/CRSF transport: OE off @9454733us
ELRS/CRSF RX len=26 crc=1 bytes=C8 18 16 0A BF CB 5E DC C2 0A 56 B0 82 15 AC 60 05 2B 58 C1 0A 56 B0 82 15 F3
ELRS/CRSF RX len=15 crc=1 bytes=EA 0D 3A EA EE 10 00 00 9C 40 FF FF AB 8C 91
ELRS/CRSF transport: OE on @9483735us
ELRS/CRSF TX len=26 crc=1 bytes=C8 18 16 13 BF 8B 5E DC C2 0A 56 B0 82 15 AC 60 05 2B 58 C1 0A 56 B0 82 15 B1
ELRS/CRSF transport: OE off @9483735us
ELRS/CRSF RX len=26 crc=1 bytes=C8 18 16 13 BF 8B 5E DC C2 0A 56 B0 82 15 AC 60 05 2B 58 C1 0A 56 B0 82 15 B1
ELRS/CRSF RX len=15 crc=1 bytes=EA 0D 3A EA EE 10 00 00 9C 40 FF FF CC FC C1
ELRS/CRSF transport: OE on @9522733us
ELRS/CRSF TX len=26 crc=1 bytes=C8 18 16 05 BF CB 5E DC C2 0A 56 B0 82 15 AC 60 05 2B 58 C1 0A 56 B0 82 15 5F
ELRS/CRSF transport: OE off @9522733us
ELRS/CRSF RX len=26 crc=1 bytes=C8 18 16 05 BF CB 5E DC C2 0A 56 B0 82 15 AC 60 05 2B 58 C1 0A 56 B0 82 15 5F
ELRS/CRSF RX len=15 crc=1 bytes=EA 0D 3A EA EE 10 00 00 9C 40 FF FF AC AE 7B
ELRS/CRSF transport: OE on @9551733us
ELRS/CRSF TX len=26 crc=1 bytes=C8 18 16 13 BF CB 5E DC C2 0A 56 B0 82 15 AC 60 05 2B 58 C1 0A 56 B0 82 15 DF
ELRS/CRSF transport: OE off @9551733us
ELRS/CRSF RX len=26 crc=1 bytes=C8 18 16 13 BF CB 5E DC C2 0A 56 B0 82 15 AC 60 05 2B 58 C1 0A 56 B0 82 15 DF
ELRS/CRSF RX len=15 crc=1 bytes=EA 0D 3A EA EE 10 00 00 9C 40 FF FF CD 56 D7
ELRS/CRSF transport: OE on @9590733us
ELRS/CRSF TX len=26 crc=1 bytes=C8 18 16 0A BF 8B 5E DC C2 0A 56 B0 82 15 AC 60 05 2B 58 C1 0A 56 B0 82 15 9D
ELRS/CRSF transport: OE off @9590733us
ELRS/CRSF RX len=26 crc=1 bytes=C8 18 16 0A BF 8B 5E DC C2 0A 56 B0 82 15 AC 60 05 2B 58 C1 0A 56 B0 82 15 9D
ELRS/CRSF RX len=15 crc=1 bytes=EA 0D 3A EA EE 10 00 00 9C 40 FF FF AA D8 AB
ELRS/CRSF transport: OE on @9619733us
ELRS/CRSF TX len=26 crc=1 bytes=C8 18 16 13 BF 8B 5E DC C2 0A 56 B0 82 15 AC 60 05 2B 58 C1 0A 56 B0 82 15 B1
ELRS/CRSF transport: OE off @9619733us
ELRS/CRSF RX len=26 crc=1 bytes=C8 18 16 13 BF 8B 5E DC C2 0A 56 B0 82 15 AC 60 05 2B 58 C1 0A 56 B0 82 15 B1
ELRS/CRSF RX len=15 crc=1 bytes=EA 0D 3A EA EE 10 00 00 9C 40 FF FF CC D4 4C
ELRS/CRSF transport: OE on @9658733us
ELRS/CRSF TX len=26 crc=1 bytes=C8 18 16 08 BF 8B 5E DC C2 0A 56 B0 82 15 AC 60 05 2B 58 C1 0A 56 B0 82 15 EB
ELRS/CRSF transport: OE off @9658733us
ELRS/CRSF RX len=26 crc=1 bytes=C8 18 16 08 BF 8B 5E DC C2 0A 56 B0 82 15 AC 60 05 2B 58 C1 0A 56 B0 82 15 EB
ELRS/CRSF RX len=15 crc=1 bytes=EA 0D 3A EA EE 10 00 00 9C 40 FF FF AB A0 E2
ELRS/CRSF transport: OE on @9687735us
ELRS/CRSF TX len=26 crc=1 bytes=C8 18 16 10 BF CB 5E DC C2 0A 56 B0 82 15 AC 60 05 2B 58 C1 0A 56 B0 82 15 92
ELRS/CRSF transport: OE off @9687735us
ELRS/CRSF RX len=26 crc=1 bytes=C8 18 16 10 BF CB 5E DC C2 0A 56 B0 82 15 AC 60 05 2B 58 C1 0A 56 B0 82 15 92
ELRS/CRSF RX len=15 crc=1 bytes=EA 0D 3A EA EE 10 00 00 9C 40 FF FF CC CA B6
ELRS/CRSF transport: OE on @9726733us
ELRS/CRSF TX len=26 crc=1 bytes=C8 18 16 0A BF CB 5E DC C2 0A 56 B0 82 15 AC 60 05 2B 58 C1 0A 56 B0 82 15 F3
ELRS/CRSF transport: OE off @9726733us
ELRS/CRSF RX len=26 crc=1 bytes=C8 18 16 0A BF CB 5E DC C2 0A 56 B0 82 15 AC 60 05 2B 58 C1 0A 56 B0 82 15 F3
ELRS/CRSF RX len=15 crc=1 bytes=EA 0D 3A EA EE 10 00 00 9C 40 FF FF AC A4 2D
ELRS/CRSF transport: OE on @9755733us
ELRS/CRSF TX len=26 crc=1 bytes=C8 18 16 13 BF CB 5E DC C2 0A 56 B0 82 15 AC 60 05 2B 58 C1 0A 56 B0 82 15 DF
ELRS/CRSF transport: OE off @9755733us
ELRS/CRSF RX len=26 crc=1 bytes=C8 18 16 13 BF CB 5E DC C2 0A 56 B0 82 15 AC 60 05 2B 58 C1 0A 56 B0 82 15 DF
ELRS/CRSF RX len=15 crc=1 bytes=EA 0D 3A EA EE 10 00 00 9C 40 FF FF CD C4 15
ELRS/CRSF transport: OE on @9794733us
ELRS/CRSF TX len=26 crc=1 bytes=C8 18 16 08 BF CB 5E DC C2 0A 56 B0 82 15 AC 60 05 2B 58 C1 0A 56 B0 82 15 85
ELRS/CRSF transport: OE off @9794733us
ELRS/CRSF RX len=26 crc=1 bytes=C8 18 16 08 BF CB 5E DC C2 0A 56 B0 82 15 AC 60 05 2B 58 C1 0A 56 B0 82 15 85
ELRS/CRSF RX len=15 crc=1 bytes=EA 0D 3A EA EE 10 00 00 9C 40 FF FF AB AA B4
ELRS/CRSF transport: OE on @9823733us
ELRS/CRSF TX len=26 crc=1 bytes=C8 18 16 10 BF CB 5E DC C2 0A 56 B0 82 15 AC 60 05 2B 58 C1 0A 56 B0 82 15 92
ELRS/CRSF transport: OE off @9823733us
ELRS/CRSF RX len=26 crc=1 bytes=C8 18 16 10 BF CB 5E DC C2 0A 56 B0 82 15 AC 60 05 2B 58 C1 0A 56 B0 82 15 92
ELRS/CRSF RX len=15 crc=1 bytes=EA 0D 3A EA EE 10 00 00 9C 40 FF FF CC E8 6D
ELRS/CRSF transport: OE on @9862733us
ELRS/CRSF TX len=26 crc=1 bytes=C8 18 16 0B BF CB 5E DC C2 0A 56 B0 82 15 AC 60 05 2B 58 C1 0A 56 B0 82 15 C8
ELRS/CRSF transport: OE off @9862733us
ELRS/CRSF RX len=26 crc=1 bytes=C8 18 16 0B BF CB 5E DC C2 0A 56 B0 82 15 AC 60 05 2B 58 C1 0A 56 B0 82 15 C8
ELRS/CRSF RX len=15 crc=1 bytes=EA 0D 3A EA EE 10 00 00 9C 40 FF FF AC 0E 30
ELRS/CRSF transport: OE on @9891735us
ELRS/CRSF TX len=26 crc=1 bytes=C8 18 16 13 BF CB 5E DC C2 0A 56 B0 82 15 AC 60 05 2B 58 C1 0A 56 B0 82 15 DF
ELRS/CRSF transport: OE off @9891735us
ELRS/CRSF RX len=26 crc=1 bytes=C8 18 16 13 BF CB 5E DC C2 0A 56 B0 82 15 AC 60 05 2B 58 C1 0A 56 B0 82 15 DF
ELRS/CRSF RX len=15 crc=1 bytes=EA 0D 3A EA EE 10 00 00 9C 40 FF FF CD 9C F3
ELRS/CRSF transport: OE on @9930733us
ELRS/CRSF TX len=26 crc=1 bytes=C8 18 16 02 BF CB 5E DC C2 0A 56 B0 82 15 AC 60 05 2B 58 C1 0A 56 B0 82 15 FE
ELRS/CRSF transport: OE off @9930733us
ELRS/CRSF RX len=26 crc=1 bytes=C8 18 16 02 BF CB 5E DC C2 0A 56 B0 82 15 AC 60 05 2B 58 C1 0A 56 B0 82 15 FE
ELRS/CRSF RX len=15 crc=1 bytes=EA 0D 3A EA EE 10 00 00 9C 40 FF FF AC 2C EB
ELRS/CRSF transport: OE on @9959733us
ELRS/CRSF TX len=26 crc=1 bytes=C8 18 16 0F BF CB 5E DC C2 0A 56 B0 82 15 AC 60 05 2B 58 C1 0A 56 B0 82 15 24
ELRS/CRSF transport: OE off @9959733us
ELRS/CRSF RX len=26 crc=1 bytes=C8 18 16 0F BF CB 5E DC C2 0A 56 B0 82 15 AC 60 05 2B 58 C1 0A 56 B0 82 15 24
ELRS/CRSF RX len=15 crc=1 bytes=EA 0D 3A EA EE 10 00 00 9C 40 FF FF CC 02 ED
ELRS/CRSF transport: OE on @9998733us
ELRS/CRSF TX len=26 crc=1 bytes=C8 18 16 0A BF CB 5E DC C2 0A 56 B0 82 15 AC 60 05 2B 58 C1 0A 56 B0 82 15 F3
ELRS/CRSF transport: OE off @9998733us
ELRS/CRSF RX len=26 crc=1 bytes=C8 18 16 0A BF CB 5E DC C2 0A 56 B0 82 15 AC 60 05 2B 58 C1 0A 56 B0 82 15 F3
ELRS/CRSF RX len=15 crc=1 bytes=EA 0D 3A EA EE 10 00 00 9C 40 FF FF AB 64 6E
ELRS/CRSF transport: OE on @10027733us
ELRS/CRSF TX len=26 crc=1 bytes=C8 18 16 13 BF CB 5E DC C2 0A 56 B0 82 15 AC 60 05 2B 58 C1 0A 56 B0 82 15 DF
ELRS/CRSF transport: OE off @10027733us
ELRS/CRSF RX len=26 crc=1 bytes=C8 18 16 13 BF CB 5E DC C2 0A 56 B0 82 15 AC 60 05 2B 58 C1 0A 56 B0 82 15 DF
ELRS/CRSF RX len=15 crc=1 bytes=EA 0D 3A EA EE 10 00 00 9C 40 FF FF CC 52 22
ELRS/CRSF transport: OE on @10066733us
ELRS/CRSF TX len=26 crc=1 bytes=C8 18 16 09 BF CB 5E DC C2 0A 56 B0 82 15 AC 60 05 2B 58 C1 0A 56 B0 82 15 BE
ELRS/CRSF transport: OE off @10066733us
ELRS/CRSF RX len=26 crc=1 bytes=C8 18 16 09 BF CB 5E DC C2 0A 56 B0 82 15 AC 60 05 2B 58 C1 0A 56 B0 82 15 BE
ELRS/CRSF RX len=15 crc=1 bytes=EA 0D 3A EA EE 10 00 00 9C 40 FF FF AB 46 B5
ELRS/CRSF transport: OE on @10095735us
ELRS/CRSF TX len=26 crc=1 bytes=C8 18 16 13 BF CB 5E DC C2 0A 56 B0 82 15 AC 60 05 2B 58 C1 0A 56 B0 82 15 DF
ELRS/CRSF transport: OE off @10095735us
ELRS/CRSF RX len=26 crc=1 bytes=C8 18 16 13 BF CB 5E DC C2 0A 56 B0 82 15 AC 60 05 2B 58 C1 0A 56 B0 82 15 DF
ELRS/CRSF RX len=15 crc=1 bytes=EA 0D 3A EA EE 10 00 00 9C 40 FF FF CE 32 0D
ELRS/CRSF transport: OE on @10134733us
ELRS/CRSF TX len=26 crc=1 bytes=C8 18 16 0A BF CB 5E DC C2 0A 56 B0 82 15 AC 60 05 2B 58 C1 0A 56 B0 82 15 F3
ELRS/CRSF transport: OE off @10134733us
ELRS/CRSF RX len=26 crc=1 bytes=C8 18 16 0A BF CB 5E DC C2 0A 56 B0 82 15 AC 60 05 2B 58 C1 0A 56 B0 82 15 F3
ELRS/CRSF RX len=15 crc=1 bytes=EA 0D 3A EA EE 10 00 00 9C 40 FF FF AC 22 43
ELRS/CRSF transport: OE on @10163733us
ELRS/CRSF TX len=26 crc=1 bytes=C8 18 16 13 BF 8B 5E DC C2 0A 56 B0 82 15 AC 60 05 2B 58 C1 0A 56 B0 82 15 B1
ELRS/CRSF transport: OE off @10163733us
ELRS/CRSF RX len=26 crc=1 bytes=C8 18 16 13 BF 8B 5E DC C2 0A 56 B0 82 15 AC 60 05 2B 58 C1 0A 56 B0 82 15 B1
ELRS/CRSF RX len=15 crc=1 bytes=EA 0D 3A EA EE 10 00 00 9C 40 FF FF CC 5C 8A
ELRS/CRSF transport: OE on @10202733us
ELRS/CRSF TX len=26 crc=1 bytes=C8 18 16 0A BF CB 5E DC C2 0A 56 B0 82 15 AC 60 05 2B 58 C1 0A 56 B0 82 15 F3
ELRS/CRSF transport: OE off @10202733us
ELRS/CRSF RX len=26 crc=1 bytes=C8 18 16 0A BF CB 5E DC C2 0A 56 B0 82 15 AC 60 05 2B 58 C1 0A 56 B0 82 15 F3
ELRS/CRSF RX len=15 crc=1 bytes=EA 0D 3A EA EE 10 00 00 9C 40 FF FF AB E6 FE
ELRS/CRSF transport: OE on @10231733us
ELRS/CRSF TX len=26 crc=1 bytes=C8 18 16 13 BF CB 5E DC C2 0A 56 B0 82 15 AC 60 05 2B 58 C1 0A 56 B0 82 15 DF
ELRS/CRSF transport: OE off @10231733us
ELRS/CRSF RX len=26 crc=1 bytes=C8 18 16 13 BF CB 5E DC C2 0A 56 B0 82 15 AC 60 05 2B 58 C1 0A 56 B0 82 15 DF
ELRS/CRSF RX len=15 crc=1 bytes=EA 0D 3A EA EE 10 00 00 9C 40 FF FF CC 2A 60
ELRS/CRSF transport: OE on @10270733us
ELRS/CRSF TX len=26 crc=1 bytes=C8 18 16 13 BF 8B 5E DC C2 0A 56 B0 82 15 AC 60 05 2B 58 C1 0A 56 B0 82 15 B1
ELRS/CRSF transport: OE off @10270733us
ELRS/CRSF RX len=26 crc=1 bytes=C8 18 16 13 BF 8B 5E DC C2 0A 56 B0 82 15 AC 60 05 2B 58 C1 0A 56 B0 82 15 B1
ELRS/CRSF RX len=15 crc=1 bytes=EA 0D 3A EA EE 10 00 00 9C 40 FF FF AB 1E 53
ELRS/CRSF transport: OE on @10299735us
ELRS/CRSF TX len=26 crc=1 bytes=C8 18 16 13 BF CB 5E DC C2 0A 56 B0 82 15 AC 60 05 2B 58 C1 0A 56 B0 82 15 DF
ELRS/CRSF transport: OE off @10299735us
ELRS/CRSF RX len=26 crc=1 bytes=C8 18 16 13 BF CB 5E DC C2 0A 56 B0 82 15 AC 60 05 2B 58 C1 0A 56 B0 82 15 DF
ELRS/CRSF RX len=15 crc=1 bytes=EA 0D 3A EA EE 10 00 00 9C 40 FF FF CD 56 D7
ELRS/CRSF transport: OE on @10338733us
ELRS/CRSF TX len=26 crc=1 bytes=C8 18 16 0A BF CB 5E DC C2 0A 56 B0 82 15 AC 60 05 2B 58 C1 0A 56 B0 82 15 F3
ELRS/CRSF transport: OE off @10338733us
ELRS/CRSF RX len=26 crc=1 bytes=C8 18 16 0A BF CB 5E DC C2 0A 56 B0 82 15 AC 60 05 2B 58 C1 0A 56 B0 82 15 F3
ELRS/CRSF RX len=15 crc=1 bytes=EA 0D 3A EA EE 10 00 00 9C 40 FF FF AB 5A 30
ELRS/CRSF transport: OE on @10367733us
ELRS/CRSF TX len=26 crc=1 bytes=C8 18 16 11 BF CB 5E DC C2 0A 56 B0 82 15 AC 60 05 2B 58 C1 0A 56 B0 82 15 A9
ELRS/CRSF transport: OE off @10367733us
ELRS/CRSF RX len=26 crc=1 bytes=C8 18 16 11 BF CB 5E DC C2 0A 56 B0 82 15 AC 60 05 2B 58 C1 0A 56 B0 82 15 A9
ELRS/CRSF RX len=15 crc=1 bytes=EA 0D 3A EA EE 10 00 00 9C 40 FF FF CC 52 22
ELRS/CRSF transport: OE on @10406733us
ELRS/CRSF TX len=26 crc=1 bytes=C8 18 16 0A BF CB 5E DC C2 0A 56 B0 82 15 AC 60 05 2B 58 C1 0A 56 B0 82 15 F3
ELRS/CRSF transport: OE off @10406733us
ELRS/CRSF RX len=26 crc=1 bytes=C8 18 16 0A BF CB 5E DC C2 0A 56 B0 82 15 AC 60 05 2B 58 C1 0A 56 B0 82 15 F3
ELRS/CRSF RX len=15 crc=1 bytes=EA 0D 3A EA EE 10 00 00 9C 40 FF FF AB 0A FF
ELRS/CRSF transport: OE on @10435733us
ELRS/CRSF TX len=26 crc=1 bytes=C8 18 16 13 BF CB 5E DC C2 0A 56 B0 82 15 AC 60 05 2B 58 C1 0A 56 B0 82 15 DF
ELRS/CRSF transport: OE off @10435733us
ELRS/CRSF RX len=26 crc=1 bytes=C8 18 16 13 BF CB 5E DC C2 0A 56 B0 82 15 AC 60 05 2B 58 C1 0A 56 B0 82 15 DF
ELRS/CRSF RX len=15 crc=1 bytes=EA 0D 3A EA EE 10 00 00 9C 40 FF FF CC 7A AF
ELRS/CRSF transport: OE on @10474733us
ELRS/CRSF TX len=26 crc=1 bytes=C8 18 16 04 BF CB 5E DC C2 0A 56 B0 82 15 AC 60 05 2B 58 C1 0A 56 B0 82 15 64
ELRS/CRSF transport: OE off @10474733us
ELRS/CRSF RX len=26 crc=1 bytes=C8 18 16 04 BF CB 5E DC C2 0A 56 B0 82 15 AC 60 05 2B 58 C1 0A 56 B0 82 15 64
ELRS/CRSF RX len=15 crc=1 bytes=EA 0D 3A EA EE 10 00 00 9C 40 FF FF AA 92 60
ELRS/CRSF transport: OE on @10503735us
ELRS/CRSF TX len=26 crc=1 bytes=C8 18 16 13 BF CB 5E DC C2 0A 56 B0 82 15 AC 60 05 2B 58 C1 0A 56 B0 82 15 DF
ELRS/CRSF transport: OE off @10503735us
ELRS/CRSF RX len=26 crc=1 bytes=C8 18 16 13 BF CB 5E DC C2 0A 56 B0 82 15 AC 60 05 2B 58 C1 0A 56 B0 82 15 DF
ELRS/CRSF RX len=15 crc=1 bytes=EA 0D 3A EA EE 10 00 00 9C 40 FF FF CD A6 53
ELRS/CRSF transport: OE on @10542733us
ELRS/CRSF TX len=26 crc=1 bytes=C8 18 16 0B BF CB 5E DC C2 0A 56 B0 82 15 AC 60 05 2B 58 C1 0A 56 B0 82 15 C8
ELRS/CRSF transport: OE off @10542733us
ELRS/CRSF RX len=26 crc=1 bytes=C8 18 16 0B BF CB 5E DC C2 0A 56 B0 82 15 AC 60 05 2B 58 C1 0A 56 B0 82 15 C8
ELRS/CRSF RX len=15 crc=1 bytes=EA 0D 3A EA EE 10 00 00 9C 40 FF FF AB F0 2D
ELRS/CRSF transport: OE on @10571733us
ELRS/CRSF TX len=26 crc=1 bytes=C8 18 16 13 BF CB 5E DC C2 0A 56 B0 82 15 AC 60 05 2B 58 C1 0A 56 B0 82 15 DF
ELRS/CRSF transport: OE off @10571733us
ELRS/CRSF RX len=26 crc=1 bytes=C8 18 16 13 BF CB 5E DC C2 0A 56 B0 82 15 AC 60 05 2B 58 C1 0A 56 B0 82 15 DF
ELRS/CRSF RX len=15 crc=1 bytes=EA 0D 3A EA EE 10 00 00 9C 40 FF FF CC 98 06
ELRS/CRSF transport: OE on @10610733us
ELRS/CRSF TX len=26 crc=1 bytes=C8 18 16 0A BF CB 5E DC C2 0A 56 B0 82 15 AC 60 05 2B 58 C1 0A 56 B0 82 15 F3
ELRS/CRSF transport: OE off @10610733us
ELRS/CRSF RX len=26 crc=1 bytes=C8 18 16 0A BF CB 5E DC C2 0A 56 B0 82 15 AC 60 05 2B 58 C1 0A 56 B0 82 15 F3
ELRS/CRSF RX len=15 crc=1 bytes=EA 0D 3A EA EE 10 00 00 9C 40 FF FF AA C4 2E
ELRS/CRSF transport: OE on @10639733us
ELRS/CRSF TX len=26 crc=1 bytes=C8 18 16 13 BF CB 5E DC C2 0A 56 B0 82 15 AC 60 05 2B 58 C1 0A 56 B0 82 15 DF
ELRS/CRSF transport: OE off @10639733us
ELRS/CRSF RX len=26 crc=1 bytes=C8 18 16 13 BF CB 5E DC C2 0A 56 B0 82 15 AC 60 05 2B 58 C1 0A 56 B0 82 15 DF
ELRS/CRSF RX len=15 crc=1 bytes=EA 0D 3A EA EE 10 00 00 9C 40 FF FF CC 8E D5
ELRS/CRSF transport: OE on @10678733us
ELRS/CRSF TX len=26 crc=1 bytes=C8 18 16 0A BF CB 5E DC C2 0A 56 B0 82 15 AC 60 05 2B 58 C1 0A 56 B0 82 15 F3
ELRS/CRSF transport: OE off @10678733us
ELRS/CRSF RX len=26 crc=1 bytes=C8 18 16 0A BF CB 5E DC C2 0A 56 B0 82 15 AC 60 05 2B 58 C1 0A 56 B0 82 15 F3
ELRS/CRSF RX len=15 crc=1 bytes=EA 0D 3A EA EE 10 00 00 9C 40 FF FF AA BA ED
ELRS/CRSF transport: OE on @10707735us
ELRS/CRSF TX len=26 crc=1 bytes=C8 18 16 13 BF CB 5E DC C2 0A 56 B0 82 15 AC 60 05 2B 58 C1 0A 56 B0 82 15 DF
ELRS/CRSF transport: OE off @10707735us
ELRS/CRSF RX len=26 crc=1 bytes=C8 18 16 13 BF CB 5E DC C2 0A 56 B0 82 15 AC 60 05 2B 58 C1 0A 56 B0 82 15 DF
ELRS/CRSF RX len=15 crc=1 bytes=EA 0D 3A EA EE 10 00 00 9C 40 FF FF CC F2 69
ELRS/CRSF transport: OE on @10746733us
ELRS/CRSF TX len=26 crc=1 bytes=C8 18 16 09 BF CB 5E DC C2 0A 56 B0 82 15 AC 60 05 2B 58 C1 0A 56 B0 82 15 BE
ELRS/CRSF transport: OE off @10746733us
ELRS/CRSF RX len=26 crc=1 bytes=C8 18 16 09 BF CB 5E DC C2 0A 56 B0 82 15 AC 60 05 2B 58 C1 0A 56 B0 82 15 BE
ELRS/CRSF RX len=15 crc=1 bytes=EA 0D 3A EA EE 10 00 00 9C 40 FF FF AB A0 E2
ELRS/CRSF transport: OE on @10775733us
ELRS/CRSF TX len=26 crc=1 bytes=C8 18 16 13 BF CB 5E DC C2 0A 56 B0 82 15 AC 60 05 2B 58 C1 0A 56 B0 82 15 DF
ELRS/CRSF transport: OE off @10775733us
ELRS/CRSF RX len=26 crc=1 bytes=C8 18 16 13 BF CB 5E DC C2 0A 56 B0 82 15 AC 60 05 2B 58 C1 0A 56 B0 82 15 DF
ELRS/CRSF RX len=15 crc=1 bytes=EA 0D 3A EA EE 10 00 00 9C 40 FF FF CD 42 7B
ELRS/CRSF transport: OE on @10814733us
ELRS/CRSF TX len=26 crc=1 bytes=C8 18 16 08 BF CB 5E DC C2 0A 56 B0 82 15 AC 60 05 2B 58 C1 0A 56 B0 82 15 85
ELRS/CRSF transport: OE off @10814733us
ELRS/CRSF RX len=26 crc=1 bytes=C8 18 16 08 BF CB 5E DC C2 0A 56 B0 82 15 AC 60 05 2B 58 C1 0A 56 B0 82 15 85
ELRS/CRSF RX len=15 crc=1 bytes=EA 0D 3A EA EE 10 00 00 9C 40 FF FF AA 92 60
ELRS/CRSF transport: OE on @10843733us
ELRS/CRSF TX len=26 crc=1 bytes=C8 18 16 13 BF CB 5E DC C2 0A 56 B0 82 15 AC 60 05 2B 58 C1 0A 56 B0 82 15 DF
ELRS/CRSF transport: OE off @10843733us
ELRS/CRSF RX len=26 crc=1 bytes=C8 18 16 13 BF CB 5E DC C2 0A 56 B0 82 15 AC 60 05 2B 58 C1 0A 56 B0 82 15 DF
ELRS/CRSF RX len=15 crc=1 bytes=EA 0D 3A EA EE 10 00 00 9C 40 FF FF CD 60 A0
ELRS/CRSF transport: OE on @10882733us
ELRS/CRSF TX len=26 crc=1 bytes=C8 18 16 02 BF CB 5E DC C2 0A 56 B0 82 15 AC 60 05 2B 58 C1 0A 56 B0 82 15 FE
ELRS/CRSF transport: OE off @10882733us
ELRS/CRSF RX len=26 crc=1 bytes=C8 18 16 02 BF CB 5E DC C2 0A 56 B0 82 15 AC 60 05 2B 58 C1 0A 56 B0 82 15 FE
ELRS/CRSF RX len=15 crc=1 bytes=EA 0D 3A EA EE 10 00 00 9C 40 FF FF AB A0 E2
ELRS/CRSF transport: OE on @10911735us
ELRS/CRSF TX len=26 crc=1 bytes=C8 18 16 13 BF CB 5E DC C2 0A 56 B0 82 15 AC 60 05 2B 58 C1 0A 56 B0 82 15 DF
ELRS/CRSF transport: OE off @10911735us
ELRS/CRSF RX len=26 crc=1 bytes=C8 18 16 13 BF CB 5E DC C2 0A 56 B0 82 15 AC 60 05 2B 58 C1 0A 56 B0 82 15 DF
ELRS/CRSF RX len=15 crc=1 bytes=EA 0D 3A EA EE 10 00 00 9C 40 FF FF CD 4C D3
ELRS/CRSF transport: OE on @10950733us
ELRS/CRSF TX len=26 crc=1 bytes=C8 18 16 0A BF CB 5E DC C2 0A 56 B0 82 15 AC 60 05 2B 58 C1 0A 56 B0 82 15 F3
ELRS/CRSF transport: OE off @10950733us
ELRS/CRSF RX len=26 crc=1 bytes=C8 18 16 0A BF CB 5E DC C2 0A 56 B0 82 15 AC 60 05 2B 58 C1 0A 56 B0 82 15 F3
ELRS/CRSF RX len=15 crc=1 bytes=EA 0D 3A EA EE 10 00 00 9C 40 FF FF AB 5A 30
ELRS/CRSF transport: OE on @10979733us
ELRS/CRSF TX len=26 crc=1 bytes=C8 18 16 13 BF CB 5E DC C2 0A 56 B0 82 15 AC 60 05 2B 58 C1 0A 56 B0 82 15 DF
ELRS/CRSF transport: OE off @10979733us
ELRS/CRSF RX len=26 crc=1 bytes=C8 18 16 13 BF CB 5E DC C2 0A 56 B0 82 15 AC 60 05 2B 58 C1 0A 56 B0 82 15 DF
ELRS/CRSF RX len=15 crc=1 bytes=EA 0D 3A EA EE 10 00 00 9C 40 FF FF CC 34 9A
ELRS/CRSF transport: OE on @11018733us
ELRS/CRSF TX len=26 crc=1 bytes=C8 18 16 0A BF CB 5E DC C2 0A 56 B0 82 15 AC 60 05 2B 58 C1 0A 56 B0 82 15 F3
ELRS/CRSF transport: OE off @11018733us
ELRS/CRSF RX len=26 crc=1 bytes=C8 18 16 0A BF CB 5E DC C2 0A 56 B0 82 15 AC 60 05 2B 58 C1 0A 56 B0 82 15 F3
ELRS/CRSF RX len=15 crc=1 bytes=EA 0D 3A EA EE 10 00 00 9C 40 FF FF AA BA ED
ELRS/CRSF transport: OE on @11047733us
ELRS/CRSF TX len=26 crc=1 bytes=C8 18 16 0E BF CB 5E DC C2 0A 56 B0 82 15 AC 60 05 2B 58 C1 0A 56 B0 82 15 1F
ELRS/CRSF transport: OE off @11047733us
ELRS/CRSF RX len=26 crc=1 bytes=C8 18 16 0E BF CB 5E DC C2 0A 56 B0 82 15 AC 60 05 2B 58 C1 0A 56 B0 82 15 1F
ELRS/CRSF RX len=15 crc=1 bytes=EA 0D 3A EA EE 10 00 00 9C 40 FF FF CC 34 9A
ELRS/CRSF transport: OE on @11086733us
ELRS/CRSF TX len=26 crc=1 bytes=C8 18 16 08 BF CB 5E DC C2 0A 56 B0 82 15 AC 60 05 2B 58 C1 0A 56 B0 82 15 85
ELRS/CRSF transport: OE off @11086733us
ELRS/CRSF RX len=26 crc=1 bytes=C8 18 16 08 BF CB 5E DC C2 0A 56 B0 82 15 AC 60 05 2B 58 C1 0A 56 B0 82 15 85
ELRS/CRSF RX len=15 crc=1 bytes=EA 0D 3A EA EE 10 00 00 9C 40 FF FF AB 5A 30
ELRS/CRSF transport: OE on @11115735us
ELRS/CRSF TX len=26 crc=1 bytes=C8 18 16 13 BF CB 5E DC C2 0A 56 B0 82 15 AC 60 05 2B 58 C1 0A 56 B0 82 15 DF
ELRS/CRSF transport: OE off @11115735us
ELRS/CRSF RX len=26 crc=1 bytes=C8 18 16 13 BF CB 5E DC C2 0A 56 B0 82 15 AC 60 05 2B 58 C1 0A 56 B0 82 15 DF
ELRS/CRSF RX len=15 crc=1 bytes=EA 0D 3A EA EE 10 00 00 9C 40 FF FF CE 64 43
ELRS/CRSF transport: OE on @11154733us
ELRS/CRSF TX len=26 crc=1 bytes=C8 18 16 0A BF CB 5E DC C2 0A 56 B0 82 15 AC 60 05 2B 58 C1 0A 56 B0 82 15 F3
ELRS/CRSF transport: OE off @11154733us
ELRS/CRSF RX len=26 crc=1 bytes=C8 18 16 0A BF CB 5E DC C2 0A 56 B0 82 15 AC 60 05 2B 58 C1 0A 56 B0 82 15 F3
ELRS/CRSF RX len=15 crc=1 bytes=EA 0D 3A EA EE 10 00 00 9C 40 FF FF AB A0 E2
ELRS/CRSF transport: OE on @11183733us
ELRS/CRSF TX len=26 crc=1 bytes=C8 18 16 13 BF CB 5E DC C2 0A 56 B0 82 15 AC 60 05 2B 58 C1 0A 56 B0 82 15 DF
ELRS/CRSF transport: OE off @11183733us
ELRS/CRSF RX len=26 crc=1 bytes=C8 18 16 13 BF CB 5E DC C2 0A 56 B0 82 15 AC 60 05 2B 58 C1 0A 56 B0 82 15 DF
ELRS/CRSF RX len=15 crc=1 bytes=EA 0D 3A EA EE 10 00 00 9C 40 FF FF CC 20 36
ELRS/CRSF transport: OE on @11222733us
ELRS/CRSF TX len=26 crc=1 bytes=C8 18 16 08 BF CB 5E DC C2 0A 56 B0 82 15 AC 60 05 2B 58 C1 0A 56 B0 82 15 85
ELRS/CRSF transport: OE off @11222733us
ELRS/CRSF RX len=26 crc=1 bytes=C8 18 16 08 BF CB 5E DC C2 0A 56 B0 82 15 AC 60 05 2B 58 C1 0A 56 B0 82 15 85
ELRS/CRSF RX len=15 crc=1 bytes=EA 0D 3A EA EE 10 00 00 9C 40 FF FF AA 92 60
ELRS/CRSF transport: OE on @11251737us
ELRS/CRSF TX len=26 crc=1 bytes=C8 18 16 12 BF CB 5E DC C2 0A 56 B0 82 15 AC 60 05 2B 58 C1 0A 56 B0 82 15 E4
ELRS/CRSF transport: OE off @11251737us
ELRS/CRSF RX len=26 crc=1 bytes=C8 18 16 12 BF CB 5E DC C2 0A 56 B0 82 15 AC 60 05 2B 58 C1 0A 56 B0 82 15 E4
ELRS/CRSF RX len=15 crc=1 bytes=EA 0D 3A EA EE 10 00 00 9C 40 FF FF CC 3E CC
ELRS/CRSF transport: OE on @11290733us
ELRS/CRSF TX len=26 crc=1 bytes=C8 18 16 09 BF CB 5E DC C2 0A 56 B0 82 15 AC 60 05 2B 58 C1 0A 56 B0 82 15 BE
ELRS/CRSF transport: OE off @11290733us
ELRS/CRSF RX len=26 crc=1 bytes=C8 18 16 09 BF CB 5E DC C2 0A 56 B0 82 15 AC 60 05 2B 58 C1 0A 56 B0 82 15 BE
ELRS/CRSF RX len=15 crc=1 bytes=EA 0D 3A EA EE 10 00 00 9C 40 FF FF AB 5A 30
ELRS/CRSF transport: OE on @11319735us
ELRS/CRSF TX len=26 crc=1 bytes=C8 18 16 13 BF CB 5E DC C2 0A 56 B0 82 15 AC 60 05 2B 58 C1 0A 56 B0 82 15 DF
ELRS/CRSF transport: OE off @11319735us
ELRS/CRSF RX len=26 crc=1 bytes=C8 18 16 13 BF CB 5E DC C2 0A 56 B0 82 15 AC 60 05 2B 58 C1 0A 56 B0 82 15 DF
ELRS/CRSF RX len=15 crc=1 bytes=EA 0D 3A EA EE 10 00 00 9C 40 FF FF CD 42 7B
ELRS/CRSF transport: OE on @11358733us
ELRS/CRSF TX len=26 crc=1 bytes=C8 18 16 0A BF CB 5E DC C2 0A 56 B0 82 15 AC 60 05 2B 58 C1 0A 56 B0 82 15 F3
ELRS/CRSF transport: OE off @11358733us
ELRS/CRSF RX len=26 crc=1 bytes=C8 18 16 0A BF CB 5E DC C2 0A 56 B0 82 15 AC 60 05 2B 58 C1 0A 56 B0 82 15 F3
ELRS/CRSF RX len=15 crc=1 bytes=EA 0D 3A EA EE 10 00 00 9C 40 FF FF AB 64 6E
ELRS/CRSF transport: OE on @11387733us
ELRS/CRSF TX len=26 crc=1 bytes=C8 18 16 13 BF CB 5E DC C2 0A 56 B0 82 15 AC 60 05 2B 58 C1 0A 56 B0 82 15 DF
ELRS/CRSF transport: OE off @11387733us
ELRS/CRSF RX len=26 crc=1 bytes=C8 18 16 13 BF CB 5E DC C2 0A 56 B0 82 15 AC 60 05 2B 58 C1 0A 56 B0 82 15 DF
ELRS/CRSF RX len=15 crc=1 bytes=EA 0D 3A EA EE 10 00 00 9C 40 FF FF CC 02 ED
ELRS/CRSF transport: OE on @11426733us
ELRS/CRSF TX len=26 crc=1 bytes=C8 18 16 06 BF CB 5E DC C2 0A 56 B0 82 15 AC 60 05 2B 58 C1 0A 56 B0 82 15 12
ELRS/CRSF transport: OE off @11426733us
ELRS/CRSF RX len=26 crc=1 bytes=C8 18 16 06 BF CB 5E DC C2 0A 56 B0 82 15 AC 60 05 2B 58 C1 0A 56 B0 82 15 12
ELRS/CRSF RX len=15 crc=1 bytes=EA 0D 3A EA EE 10 00 00 9C 40 FF FF AB 14 05
ELRS/CRSF transport: OE on @11455733us
ELRS/CRSF TX len=26 crc=1 bytes=C8 18 16 0E BF CB 5E DC C2 0A 56 B0 82 15 AC 60 05 2B 58 C1 0A 56 B0 82 15 1F
ELRS/CRSF transport: OE off @11455733us
ELRS/CRSF RX len=26 crc=1 bytes=C8 18 16 0E BF CB 5E DC C2 0A 56 B0 82 15 AC 60 05 2B 58 C1 0A 56 B0 82 15 1F
ELRS/CRSF RX len=15 crc=1 bytes=EA 0D 3A EA EE 10 00 00 9C 40 FF FF CC 16 41
ELRS/CRSF transport: OE on @11494733us
ELRS/CRSF TX len=26 crc=1 bytes=C8 18 16 0A BF CB 5E DC C2 0A 56 B0 82 15 AC 60 05 2B 58 C1 0A 56 B0 82 15 F3
ELRS/CRSF transport: OE off @11494733us
ELRS/CRSF RX len=26 crc=1 bytes=C8 18 16 0A BF CB 5E DC C2 0A 56 B0 82 15 AC 60 05 2B 58 C1 0A 56 B0 82 15 F3
ELRS/CRSF RX len=15 crc=1 bytes=EA 0D 3A EA EE 10 00 00 9C 40 FF FF AB 00 A9
ELRS/CRSF transport: OE on @11523735us
ELRS/CRSF TX len=26 crc=1 bytes=C8 18 16 13 BF CB 5E DC C2 0A 56 B0 82 15 AC 60 05 2B 58 C1 0A 56 B0 82 15 DF
ELRS/CRSF transport: OE off @11523735us
ELRS/CRSF RX len=26 crc=1 bytes=C8 18 16 13 BF CB 5E DC C2 0A 56 B0 82 15 AC 60 05 2B 58 C1 0A 56 B0 82 15 DF
ELRS/CRSF RX len=15 crc=1 bytes=EA 0D 3A EA EE 10 00 00 9C 40 FF FF CD 1A 9D
ELRS/CRSF transport: OE on @11562733us
ELRS/CRSF TX len=26 crc=1 bytes=C8 18 16 0B BF CB 5E DC C2 0A 56 B0 82 15 AC 60 05 2B 58 C1 0A 56 B0 82 15 C8
ELRS/CRSF transport: OE off @11562733us
ELRS/CRSF RX len=26 crc=1 bytes=C8 18 16 0B BF CB 5E DC C2 0A 56 B0 82 15 AC 60 05 2B 58 C1 0A 56 B0 82 15 C8
ELRS/CRSF RX len=15 crc=1 bytes=EA 0D 3A EA EE 10 00 00 9C 40 FF FF AB 6E 38
ELRS/CRSF transport: OE on @11591733us
ELRS/CRSF TX len=26 crc=1 bytes=C8 18 16 13 BF CB 5E DC C2 0A 56 B0 82 15 AC 60 05 2B 58 C1 0A 56 B0 82 15 DF
ELRS/CRSF transport: OE off @11591733us
ELRS/CRSF RX len=26 crc=1 bytes=C8 18 16 13 BF CB 5E DC C2 0A 56 B0 82 15 AC 60 05 2B 58 C1 0A 56 B0 82 15 DF
ELRS/CRSF RX len=15 crc=1 bytes=EA 0D 3A EA EE 10 00 00 9C 40 FF FF CC 3E CC
ELRS/CRSF transport: OE on @11630733us
ELRS/CRSF TX len=26 crc=1 bytes=C8 18 16 09 BF CB 5E DC C2 0A 56 B0 82 15 AC 60 05 2B 58 C1 0A 56 B0 82 15 BE
ELRS/CRSF transport: OE off @11630733us
ELRS/CRSF RX len=26 crc=1 bytes=C8 18 16 09 BF CB 5E DC C2 0A 56 B0 82 15 AC 60 05 2B 58 C1 0A 56 B0 82 15 BE
ELRS/CRSF RX len=15 crc=1 bytes=EA 0D 3A EA EE 10 00 00 9C 40 FF FF AB 00 A9
ELRS/CRSF transport: OE on @11659733us
ELRS/CRSF TX len=26 crc=1 bytes=C8 18 16 0E BF CB 5E DC C2 0A 56 B0 82 15 AC 60 05 2B 58 C1 0A 56 B0 82 15 1F
ELRS/CRSF transport: OE off @11659733us
ELRS/CRSF RX len=26 crc=1 bytes=C8 18 16 0E BF CB 5E DC C2 0A 56 B0 82 15 AC 60 05 2B 58 C1 0A 56 B0 82 15 1F
ELRS/CRSF RX len=15 crc=1 bytes=EA 0D 3A EA EE 10 00 00 9C 40 FF FF CC 0C 45
ELRS/CRSF transport: OE on @11698733us
ELRS/CRSF TX len=26 crc=1 bytes=C8 18 16 0A BF CB 5E DC C2 0A 56 B0 82 15 AC 60 05 2B 58 C1 0A 56 B0 82 15 F3
ELRS/CRSF transport: OE off @11698733us
ELRS/CRSF RX len=26 crc=1 bytes=C8 18 16 0A BF CB 5E DC C2 0A 56 B0 82 15 AC 60 05 2B 58 C1 0A 56 B0 82 15 F3
ELRS/CRSF RX len=15 crc=1 bytes=EA 0D 3A EA EE 10 00 00 9C 40 FF FF AB 00 A9
ELRS/CRSF transport: OE on @11727735us
ELRS/CRSF TX len=26 crc=1 bytes=C8 18 16 13 BF CB 5E DC C2 0A 56 B0 82 15 AC 60 05 2B 58 C1 0A 56 B0 82 15 DF
ELRS/CRSF transport: OE off @11727735us
ELRS/CRSF RX len=26 crc=1 bytes=C8 18 16 13 BF CB 5E DC C2 0A 56 B0 82 15 AC 60 05 2B 58 C1 0A 56 B0 82 15 DF
ELRS/CRSF RX len=15 crc=1 bytes=EA 0D 3A EA EE 10 00 00 9C 40 FF FF CC DE 1A
ELRS/CRSF transport: OE on @11766733us
ELRS/CRSF TX len=26 crc=1 bytes=C8 18 16 0A BF CB 5E DC C2 0A 56 B0 82 15 AC 60 05 2B 58 C1 0A 56 B0 82 15 F3
ELRS/CRSF transport: OE off @11766733us
ELRS/CRSF RX len=26 crc=1 bytes=C8 18 16 0A BF CB 5E DC C2 0A 56 B0 82 15 AC 60 05 2B 58 C1 0A 56 B0 82 15 F3
ELRS/CRSF RX len=15 crc=1 bytes=EA 0D 3A EA EE 10 00 00 9C 40 FF FF AC 22 43
ELRS/CRSF transport: OE on @11795733us
ELRS/CRSF TX len=26 crc=1 bytes=C8 18 16 13 BF CB 5E DC C2 0A 56 B0 82 15 AC 60 05 2B 58 C1 0A 56 B0 82 15 DF
ELRS/CRSF transport: OE off @11795733us
ELRS/CRSF RX len=26 crc=1 bytes=C8 18 16 13 BF CB 5E DC C2 0A 56 B0 82 15 AC 60 05 2B 58 C1 0A 56 B0 82 15 DF
ELRS/CRSF RX len=15 crc=1 bytes=EA 0D 3A EA EE 10 00 00 9C 40 FF FF CC 48 26
ELRS/CRSF transport: OE on @11834733us
ELRS/CRSF TX len=26 crc=1 bytes=C8 18 16 08 BF CB 5E DC C2 0A 56 B0 82 15 AC 60 05 2B 58 C1 0A 56 B0 82 15 85
ELRS/CRSF transport: OE off @11834733us
ELRS/CRSF RX len=26 crc=1 bytes=C8 18 16 08 BF CB 5E DC C2 0A 56 B0 82 15 AC 60 05 2B 58 C1 0A 56 B0 82 15 85
ELRS/CRSF RX len=15 crc=1 bytes=EA 0D 3A EA EE 10 00 00 9C 40 FF FF AB AA B4
ELRS/CRSF transport: OE on @11863733us
ELRS/CRSF TX len=26 crc=1 bytes=C8 18 16 0B BF CB 5E DC C2 0A 56 B0 82 15 AC 60 05 2B 58 C1 0A 56 B0 82 15 C8
ELRS/CRSF transport: OE off @11863733us
ELRS/CRSF RX len=26 crc=1 bytes=C8 18 16 0B BF CB 5E DC C2 0A 56 B0 82 15 AC 60 05 2B 58 C1 0A 56 B0 82 15 C8
ELRS/CRSF RX len=15 crc=1 bytes=EA 0D 3A EA EE 10 00 00 9C 40 FF FF CC 98 06
ELRS/CRSF transport: OE on @11902733us
ELRS/CRSF TX len=26 crc=1 bytes=C8 18 16 0A BF CB 5E DC C2 0A 56 B0 82 15 AC 60 05 2B 58 C1 0A 56 B0 82 15 F3
ELRS/CRSF transport: OE off @11902733us
ELRS/CRSF RX len=26 crc=1 bytes=C8 18 16 0A BF CB 5E DC C2 0A 56 B0 82 15 AC 60 05 2B 58 C1 0A 56 B0 82 15 F3
ELRS/CRSF RX len=15 crc=1 bytes=EA 0D 3A EA EE 10 00 00 9C 40 FF FF AA 92 60
ELRS/CRSF transport: OE on @11931735us
ELRS/CRSF TX len=26 crc=1 bytes=C8 18 16 13 BF CB 5E DC C2 0A 56 B0 82 15 AC 60 05 2B 58 C1 0A 56 B0 82 15 DF
ELRS/CRSF transport: OE off @11931735us
ELRS/CRSF RX len=26 crc=1 bytes=C8 18 16 13 BF CB 5E DC C2 0A 56 B0 82 15 AC 60 05 2B 58 C1 0A 56 B0 82 15 DF
ELRS/CRSF RX len=15 crc=1 bytes=EA 0D 3A EA EE 10 00 00 9C 40 FF FF CD 6A F6
ELRS/CRSF transport: OE on @11970733us
ELRS/CRSF TX len=26 crc=1 bytes=C8 18 16 00 BF CB 5E DC C2 0A 56 B0 82 15 AC 60 05 2B 58 C1 0A 56 B0 82 15 88
ELRS/CRSF transport: OE off @11970733us
ELRS/CRSF RX len=26 crc=1 bytes=C8 18 16 00 BF CB 5E DC C2 0A 56 B0 82 15 AC 60 05 2B 58 C1 0A 56 B0 82 15 88
ELRS/CRSF RX len=15 crc=1 bytes=EA 0D 3A EA EE 10 00 00 9C 40 FF FF AB A0 E2
ELRS/CRSF transport: OE on @11999733us
ELRS/CRSF TX len=26 crc=1 bytes=C8 18 16 13 BF CB 5E DC C2 0A 56 B0 82 15 AC 60 05 2B 58 C1 0A 56 B0 82 15 DF
ELRS/CRSF transport: OE off @11999733us
ELRS/CRSF RX len=26 crc=1 bytes=C8 18 16 13 BF CB 5E DC C2 0A 56 B0 82 15 AC 60 05 2B 58 C1 0A 56 B0 82 15 DF
ELRS/CRSF RX len=15 crc=1 bytes=EA 0D 3A EA EE 10 00 00 9C 40 FF FF CD 24 C3
ELRS/CRSF transport: OE on @12038733us
ELRS/CRSF TX len=26 crc=1 bytes=C8 18 16 0A BF CB 5E DC C2 0A 56 B0 82 15 AC 60 05 2B 58 C1 0A 56 B0 82 15 F3
ELRS/CRSF transport: OE off @12038733us
ELRS/CRSF RX len=26 crc=1 bytes=C8 18 16 0A BF CB 5E DC C2 0A 56 B0 82 15 AC 60 05 2B 58 C1 0A 56 B0 82 15 F3
ELRS/CRSF RX len=15 crc=1 bytes=EA 0D 3A EA EE 10 00 00 9C 40 FF FF AB 00 A9
ELRS/CRSF transport: OE on @12067733us
ELRS/CRSF TX len=26 crc=1 bytes=C8 18 16 10 C7 CB 5E DC C2 0A 56 B0 82 15 AC 60 05 2B 58 C1 0A 56 B0 82 15 32
ELRS/CRSF transport: OE off @12067733us
ELRS/CRSF RX len=26 crc=1 bytes=C8 18 16 10 C7 CB 5E DC C2 0A 56 B0 82 15 AC 60 05 2B 58 C1 0A 56 B0 82 15 32
ELRS/CRSF RX len=15 crc=1 bytes=EA 0D 3A EA EE 10 00 00 9C 40 FF FF CC 02 ED
ELRS/CRSF transport: OE on @12106733us
ELRS/CRSF TX len=26 crc=1 bytes=C8 18 16 04 BF CB 5E DC C2 0A 56 B0 82 15 AC 60 05 2B 58 C1 0A 56 B0 82 15 64
ELRS/CRSF transport: OE off @12106733us
ELRS/CRSF RX len=26 crc=1 bytes=C8 18 16 04 BF CB 5E DC C2 0A 56 B0 82 15 AC 60 05 2B 58 C1 0A 56 B0 82 15 64
ELRS/CRSF RX len=15 crc=1 bytes=EA 0D 3A EA EE 10 00 00 9C 40 FF FF AF 4C CF
ELRS/CRSF transport: OE on @12135735us
ELRS/CRSF TX len=26 crc=1 bytes=C8 18 16 10 BF CB 5E DC C2 0A 56 B0 82 15 AC 60 05 2B 58 C1 0A 56 B0 82 15 92
ELRS/CRSF transport: OE off @12135735us
ELRS/CRSF RX len=26 crc=1 bytes=C8 18 16 10 BF CB 5E DC C2 0A 56 B0 82 15 AC 60 05 2B 58 C1 0A 56 B0 82 15 92
ELRS/CRSF RX len=15 crc=1 bytes=EA 0D 3A EA EE 10 00 00 9C 40 FF FF CC E8 6D
ELRS/CRSF transport: OE on @12174733us
ELRS/CRSF TX len=26 crc=1 bytes=C8 18 16 08 BF CB 5E DC C2 0A 56 B0 82 15 AC 60 05 2B 58 C1 0A 56 B0 82 15 85
ELRS/CRSF transport: OE off @12174733us
ELRS/CRSF RX len=26 crc=1 bytes=C8 18 16 08 BF CB 5E DC C2 0A 56 B0 82 15 AC 60 05 2B 58 C1 0A 56 B0 82 15 85
ELRS/CRSF RX len=15 crc=1 bytes=EA 0D 3A EA EE 10 00 00 9C 40 FF FF AB AA B4
ELRS/CRSF transport: OE on @12203733us
ELRS/CRSF TX len=26 crc=1 bytes=C8 18 16 13 BF CB 5E DC C2 0A 56 B0 82 15 AC 60 05 2B 58 C1 0A 56 B0 82 15 DF
ELRS/CRSF transport: OE off @12203733us
ELRS/CRSF RX len=26 crc=1 bytes=C8 18 16 13 BF CB 5E DC C2 0A 56 B0 82 15 AC 60 05 2B 58 C1 0A 56 B0 82 15 DF
ELRS/CRSF RX len=15 crc=1 bytes=EA 0D 3A EA EE 10 00 00 9C 40 FF FF CC 20 36
ELRS/CRSF transport: OE on @12242733us
ELRS/CRSF TX len=26 crc=1 bytes=C8 18 16 02 BF CB 5E DC C2 0A 56 B0 82 15 AC 60 05 2B 58 C1 0A 56 B0 82 15 FE
ELRS/CRSF transport: OE off @12242733us
ELRS/CRSF RX len=26 crc=1 bytes=C8 18 16 02 BF CB 5E DC C2 0A 56 B0 82 15 AC 60 05 2B 58 C1 0A 56 B0 82 15 FE
ELRS/CRSF RX len=15 crc=1 bytes=EA 0D 3A EA EE 10 00 00 9C 40 FF FF AA 92 60
ELRS/CRSF transport: OE on @12271733us
ELRS/CRSF TX len=26 crc=1 bytes=C8 18 16 13 BF CB 5E DC C2 0A 56 B0 82 15 AC 60 05 2B 58 C1 0A 56 B0 82 15 DF
ELRS/CRSF transport: OE off @12271733us
ELRS/CRSF RX len=26 crc=1 bytes=C8 18 16 13 BF CB 5E DC C2 0A 56 B0 82 15 AC 60 05 2B 58 C1 0A 56 B0 82 15 DF
ELRS/CRSF RX len=15 crc=1 bytes=EA 0D 3A EA EE 10 00 00 9C 40 FF FF CB 3A 03
ELRS/CRSF transport: OE on @12310733us
ELRS/CRSF TX len=26 crc=1 bytes=C8 18 16 05 BF CB 5E DC C2 0A 56 B0 82 15 AC 60 05 2B 58 C1 0A 56 B0 82 15 5F
ELRS/CRSF transport: OE off @12310733us
ELRS/CRSF RX len=26 crc=1 bytes=C8 18 16 05 BF CB 5E DC C2 0A 56 B0 82 15 AC 60 05 2B 58 C1 0A 56 B0 82 15 5F
ELRS/CRSF RX len=15 crc=1 bytes=EA 0D 3A EA EE 10 00 00 9C 40 FF FF AA 92 60
ELRS/CRSF transport: OE on @12339735us
ELRS/CRSF TX len=26 crc=1 bytes=C8 18 16 13 BF CB 5E DC C2 0A 56 B0 82 15 AC 60 05 2B 58 C1 0A 56 B0 82 15 DF
ELRS/CRSF transport: OE off @12339735us
ELRS/CRSF RX len=26 crc=1 bytes=C8 18 16 13 BF CB 5E DC C2 0A 56 B0 82 15 AC 60 05 2B 58 C1 0A 56 B0 82 15 DF
ELRS/CRSF RX len=15 crc=1 bytes=EA 0D 3A EA EE 10 00 00 9C 40 FF FF CC FC C1
ELRS/CRSF transport: OE on @12378733us
ELRS/CRSF TX len=26 crc=1 bytes=C8 18 16 07 BF CB 5E DC C2 0A 56 B0 82 15 AC 60 05 2B 58 C1 0A 56 B0 82 15 29
ELRS/CRSF transport: OE off @12378733us
ELRS/CRSF RX len=26 crc=1 bytes=C8 18 16 07 BF CB 5E DC C2 0A 56 B0 82 15 AC 60 05 2B 58 C1 0A 56 B0 82 15 29
ELRS/CRSF RX len=15 crc=1 bytes=EA 0D 3A EA EE 10 00 00 9C 40 FF FF AB F0 2D
ELRS/CRSF transport: OE on @12407733us
ELRS/CRSF TX len=26 crc=1 bytes=C8 18 16 13 BF CB 5E DC C2 0A 56 B0 82 15 AC 60 05 2B 58 C1 0A 56 B0 82 15 DF
ELRS/CRSF transport: OE off @12407733us
ELRS/CRSF RX len=26 crc=1 bytes=C8 18 16 13 BF CB 5E DC C2 0A 56 B0 82 15 AC 60 05 2B 58 C1 0A 56 B0 82 15 DF
ELRS/CRSF RX len=15 crc=1 bytes=EA 0D 3A EA EE 10 00 00 9C 40 FF FF CC 48 26
ELRS/CRSF transport: OE on @12446733us
ELRS/CRSF TX len=26 crc=1 bytes=C8 18 16 07 BF CB 5E DC C2 0A 56 B0 82 15 AC 60 05 2B 58 C1 0A 56 B0 82 15 29
ELRS/CRSF transport: OE off @12446733us
ELRS/CRSF RX len=26 crc=1 bytes=C8 18 16 07 BF CB 5E DC C2 0A 56 B0 82 15 AC 60 05 2B 58 C1 0A 56 B0 82 15 29
ELRS/CRSF RX len=15 crc=1 bytes=EA 0D 3A EA EE 10 00 00 9C 40 FF FF AB 64 6E
ELRS/CRSF transport: OE on @12475733us
ELRS/CRSF TX len=26 crc=1 bytes=C8 18 16 13 BF CB 5E DC C2 0A 56 B0 82 15 AC 60 05 2B 58 C1 0A 56 B0 82 15 DF
ELRS/CRSF transport: OE off @12475733us
ELRS/CRSF RX len=26 crc=1 bytes=C8 18 16 13 BF CB 5E DC C2 0A 56 B0 82 15 AC 60 05 2B 58 C1 0A 56 B0 82 15 DF
ELRS/CRSF RX len=15 crc=1 bytes=EA 0D 3A EA EE 10 00 00 9C 40 FF FF CC 02 ED
ELRS/CRSF transport: OE on @12514733us
ELRS/CRSF TX len=26 crc=1 bytes=C8 18 16 04 BF CB 5E DC C2 0A 56 B0 82 15 AC 60 05 2B 58 C1 0A 56 B0 82 15 64
ELRS/CRSF transport: OE off @12514733us
ELRS/CRSF RX len=26 crc=1 bytes=C8 18 16 04 BF CB 5E DC C2 0A 56 B0 82 15 AC 60 05 2B 58 C1 0A 56 B0 82 15 64
ELRS/CRSF RX len=15 crc=1 bytes=EA 0D 3A EA EE 10 00 00 9C 40 FF FF AA D8 AB
ELRS/CRSF transport: OE on @12543735us
ELRS/CRSF TX len=26 crc=1 bytes=C8 18 16 13 BF CB 5E DC C2 0A 56 B0 82 15 AC 60 05 2B 58 C1 0A 56 B0 82 15 DF
ELRS/CRSF transport: OE off @12543735us
ELRS/CRSF RX len=26 crc=1 bytes=C8 18 16 13 BF CB 5E DC C2 0A 56 B0 82 15 AC 60 05 2B 58 C1 0A 56 B0 82 15 DF
ELRS/CRSF RX len=15 crc=1 bytes=EA 0D 3A EA EE 10 00 00 9C 40 FF FF CD C4 15
ELRS/CRSF transport: OE on @12582733us
ELRS/CRSF TX len=26 crc=1 bytes=C8 18 16 04 BF CB 5E DC C2 0A 56 B0 82 15 AC 60 05 2B 58 C1 0A 56 B0 82 15 64
ELRS/CRSF transport: OE off @12582733us
ELRS/CRSF RX len=26 crc=1 bytes=C8 18 16 04 BF CB 5E DC C2 0A 56 B0 82 15 AC 60 05 2B 58 C1 0A 56 B0 82 15 64
ELRS/CRSF RX len=15 crc=1 bytes=EA 0D 3A EA EE 10 00 00 9C 40 FF FF AC 22 43
ELRS/CRSF transport: OE on @12611733us
ELRS/CRSF TX len=26 crc=1 bytes=C8 18 16 13 BF CB 5E DC C2 0A 56 B0 82 15 AC 60 05 2B 58 C1 0A 56 B0 82 15 DF
ELRS/CRSF transport: OE off @12611733us
ELRS/CRSF RX len=26 crc=1 bytes=C8 18 16 13 BF CB 5E DC C2 0A 56 B0 82 15 AC 60 05 2B 58 C1 0A 56 B0 82 15 DF
ELRS/CRSF RX len=15 crc=1 bytes=EA 0D 3A EA EE 10 00 00 9C 40 FF FF CC 0C 45
ELRS/CRSF transport: OE on @12650733us
ELRS/CRSF TX len=26 crc=1 bytes=C8 18 16 0B C7 CB 5E DC C2 0A 56 B0 82 15 AC 60 05 2B 58 C1 0A 56 B0 82 15 68
ELRS/CRSF transport: OE off @12650733us
ELRS/CRSF RX len=26 crc=1 bytes=C8 18 16 0B C7 CB 5E DC C2 0A 56 B0 82 15 AC 60 05 2B 58 C1 0A 56 B0 82 15 68
ELRS/CRSF RX len=15 crc=1 bytes=EA 0D 3A EA EE 10 00 00 9C 40 FF FF AA B0 BB
ELRS/CRSF transport: OE on @12679733us
ELRS/CRSF TX len=26 crc=1 bytes=C8 18 16 13 BF CB 5E DC C2 0A 56 B0 82 15 AC 60 05 2B 58 C1 0A 56 B0 82 15 DF
ELRS/CRSF transport: OE off @12679733us
ELRS/CRSF RX len=26 crc=1 bytes=C8 18 16 13 BF CB 5E DC C2 0A 56 B0 82 15 AC 60 05 2B 58 C1 0A 56 B0 82 15 DF
ELRS/CRSF RX len=15 crc=1 bytes=EA 0D 3A EA EE 10 00 00 9C 40 FF FF CC 98 06
ELRS/CRSF transport: OE on @12718733us
ELRS/CRSF TX len=26 crc=1 bytes=C8 18 16 03 BF CB 5E DC C2 0A 56 B0 82 15 AC 60 05 2B 58 C1 0A 56 B0 82 15 C5
ELRS/CRSF transport: OE off @12718733us
ELRS/CRSF RX len=26 crc=1 bytes=C8 18 16 03 BF CB 5E DC C2 0A 56 B0 82 15 AC 60 05 2B 58 C1 0A 56 B0 82 15 C5
ELRS/CRSF RX len=15 crc=1 bytes=EA 0D 3A EA EE 10 00 00 9C 40 FF FF AA CE 78
ELRS/CRSF transport: OE on @12747735us
ELRS/CRSF TX len=26 crc=1 bytes=C8 18 16 13 BF CB 5E DC C2 0A 56 B0 82 15 AC 60 05 2B 58 C1 0A 56 B0 82 15 DF
ELRS/CRSF transport: OE off @12747735us
ELRS/CRSF RX len=26 crc=1 bytes=C8 18 16 13 BF CB 5E DC C2 0A 56 B0 82 15 AC 60 05 2B 58 C1 0A 56 B0 82 15 DF
ELRS/CRSF RX len=15 crc=1 bytes=EA 0D 3A EA EE 10 00 00 9C 40 FF FF CC E8 6D
ELRS/CRSF transport: OE on @12786733us
ELRS/CRSF TX len=26 crc=1 bytes=C8 18 16 03 BF CB 5E DC C2 0A 56 B0 82 15 AC 60 05 2B 58 C1 0A 56 B0 82 15 C5
ELRS/CRSF transport: OE off @12786733us
ELRS/CRSF RX len=26 crc=1 bytes=C8 18 16 03 BF CB 5E DC C2 0A 56 B0 82 15 AC 60 05 2B 58 C1 0A 56 B0 82 15 C5
ELRS/CRSF RX len=15 crc=1 bytes=EA 0D 3A EA EE 10 00 00 9C 40 FF FF AB AA B4
ELRS/CRSF transport: OE on @12815733us
ELRS/CRSF TX len=26 crc=1 bytes=C8 18 16 12 C7 CB 5E DC C2 0A 56 B0 82 15 AC 60 05 2B 58 C1 0A 56 B0 82 15 44
ELRS/CRSF transport: OE off @12815733us
ELRS/CRSF RX len=26 crc=1 bytes=C8 18 16 12 C7 CB 5E DC C2 0A 56 B0 82 15 AC 60 05 2B 58 C1 0A 56 B0 82 15 44
ELRS/CRSF RX len=15 crc=1 bytes=EA 0D 3A EA EE 10 00 00 9C 40 FF FF CE B4 63
ELRS/CRSF transport: OE on @12854733us
ELRS/CRSF TX len=26 crc=1 bytes=C8 18 16 06 BF CB 5E DC C2 0A 56 B0 82 15 AC 60 05 2B 58 C1 0A 56 B0 82 15 12
ELRS/CRSF transport: OE off @12854733us
ELRS/CRSF RX len=26 crc=1 bytes=C8 18 16 06 BF CB 5E DC C2 0A 56 B0 82 15 AC 60 05 2B 58 C1 0A 56 B0 82 15 12
ELRS/CRSF RX len=15 crc=1 bytes=EA 0D 3A EA EE 10 00 00 9C 40 FF FF AA 4C E8
ELRS/CRSF transport: OE on @12883733us
ELRS/CRSF TX len=26 crc=1 bytes=C8 18 16 13 BF CB 5E DC C2 0A 56 B0 82 15 AC 60 05 2B 58 C1 0A 56 B0 82 15 DF
ELRS/CRSF transport: OE off @12883733us
ELRS/CRSF RX len=26 crc=1 bytes=C8 18 16 13 BF CB 5E DC C2 0A 56 B0 82 15 AC 60 05 2B 58 C1 0A 56 B0 82 15 DF
ELRS/CRSF RX len=15 crc=1 bytes=EA 0D 3A EA EE 10 00 00 9C 40 FF FF CC 34 9A
ELRS/CRSF transport: OE on @12922733us
ELRS/CRSF TX len=26 crc=1 bytes=C8 18 16 0A BF CB 5E DC C2 0A 56 B0 82 15 AC 60 05 2B 58 C1 0A 56 B0 82 15 F3
ELRS/CRSF transport: OE off @12922733us
ELRS/CRSF RX len=26 crc=1 bytes=C8 18 16 0A BF CB 5E DC C2 0A 56 B0 82 15 AC 60 05 2B 58 C1 0A 56 B0 82 15 F3
ELRS/CRSF RX len=15 crc=1 bytes=EA 0D 3A EA EE 10 00 00 9C 40 FF FF AA D8 AB
ELRS/CRSF transport: OE on @12951735us
ELRS/CRSF TX len=26 crc=1 bytes=C8 18 16 13 C7 CB 5E DC C2 0A 56 B0 82 15 AC 60 05 2B 58 C1 0A 56 B0 82 15 7F
ELRS/CRSF transport: OE off @12951735us
ELRS/CRSF RX len=26 crc=1 bytes=C8 18 16 13 C7 CB 5E DC C2 0A 56 B0 82 15 AC 60 05 2B 58 C1 0A 56 B0 82 15 7F
ELRS/CRSF RX len=15 crc=1 bytes=EA 0D 3A EA EE 10 00 00 9C 40 FF FF CD 06 18
ELRS/CRSF transport: OE on @12990733us
ELRS/CRSF TX len=26 crc=1 bytes=C8 18 16 06 BF CB 5E DC C2 0A 56 B0 82 15 AC 60 05 2B 58 C1 0A 56 B0 82 15 12
ELRS/CRSF transport: OE off @12990733us
ELRS/CRSF RX len=26 crc=1 bytes=C8 18 16 06 BF CB 5E DC C2 0A 56 B0 82 15 AC 60 05 2B 58 C1 0A 56 B0 82 15 12
ELRS/CRSF RX len=15 crc=1 bytes=EA 0D 3A EA EE 10 00 00 9C 40 FF FF AB DC 5E
ELRS/CRSF transport: OE on @13019733us
ELRS/CRSF TX len=26 crc=1 bytes=C8 18 16 13 BF CB 5E DC C2 0A 56 B0 82 15 AC 60 05 2B 58 C1 0A 56 B0 82 15 DF
ELRS/CRSF transport: OE off @13019733us
ELRS/CRSF RX len=26 crc=1 bytes=C8 18 16 13 BF CB 5E DC C2 0A 56 B0 82 15 AC 60 05 2B 58 C1 0A 56 B0 82 15 DF
ELRS/CRSF RX len=15 crc=1 bytes=EA 0D 3A EA EE 10 00 00 9C 40 FF FF CC 02 ED
ELRS/CRSF transport: OE on @13058733us
ELRS/CRSF TX len=26 crc=1 bytes=C8 18 16 08 BF CB 5E DC C2 0A 56 B0 82 15 AC 60 05 2B 58 C1 0A 56 B0 82 15 85
ELRS/CRSF transport: OE off @13058733us
ELRS/CRSF RX len=26 crc=1 bytes=C8 18 16 08 BF CB 5E DC C2 0A 56 B0 82 15 AC 60 05 2B 58 C1 0A 56 B0 82 15 85
ELRS/CRSF RX len=15 crc=1 bytes=EA 0D 3A EA EE 10 00 00 9C 40 FF FF AA 92 60
ELRS/CRSF transport: OE on @13087733us
ELRS/CRSF TX len=26 crc=1 bytes=C8 18 16 13 BF CB 5E DC C2 0A 56 B0 82 15 AC 60 05 2B 58 C1 0A 56 B0 82 15 DF
ELRS/CRSF transport: OE off @13087733us
ELRS/CRSF RX len=26 crc=1 bytes=C8 18 16 13 BF CB 5E DC C2 0A 56 B0 82 15 AC 60 05 2B 58 C1 0A 56 B0 82 15 DF
ELRS/CRSF RX len=15 crc=1 bytes=EA 0D 3A EA EE 10 00 00 9C 40 FF FF CC 34 9A
ELRS/CRSF transport: OE on @13126733us
ELRS/CRSF TX len=26 crc=1 bytes=C8 18 16 0B BF CB 5E DC C2 0A 56 B0 82 15 AC 60 05 2B 58 C1 0A 56 B0 82 15 C8
ELRS/CRSF transport: OE off @13126733us
ELRS/CRSF RX len=26 crc=1 bytes=C8 18 16 0B BF CB 5E DC C2 0A 56 B0 82 15 AC 60 05 2B 58 C1 0A 56 B0 82 15 C8
ELRS/CRSF RX len=15 crc=1 bytes=EA 0D 3A EA EE 10 00 00 9C 40 FF FF AA F6 A7
ELRS/CRSF transport: OE on @13155735us
ELRS/CRSF TX len=26 crc=1 bytes=C8 18 16 13 BF CB 5E DC C2 0A 56 B0 82 15 AC 60 05 2B 58 C1 0A 56 B0 82 15 DF
ELRS/CRSF transport: OE off @13155735us
ELRS/CRSF RX len=26 crc=1 bytes=C8 18 16 13 BF CB 5E DC C2 0A 56 B0 82 15 AC 60 05 2B 58 C1 0A 56 B0 82 15 DF
ELRS/CRSF RX len=15 crc=1 bytes=EA 0D 3A EA EE 10 00 00 9C 40 FF FF CC D4 4C
ELRS/CRSF transport: OE on @13194733us
ELRS/CRSF TX len=26 crc=1 bytes=C8 18 16 00 BF CB 5E DC C2 0A 56 B0 82 15 AC 60 05 2B 58 C1 0A 56 B0 82 15 88
ELRS/CRSF transport: OE off @13194733us
ELRS/CRSF RX len=26 crc=1 bytes=C8 18 16 00 BF CB 5E DC C2 0A 56 B0 82 15 AC 60 05 2B 58 C1 0A 56 B0 82 15 88
ELRS/CRSF RX len=15 crc=1 bytes=EA 0D 3A EA EE 10 00 00 9C 40 FF FF AC 04 66
ELRS/CRSF transport: OE on @13223733us
ELRS/CRSF TX len=26 crc=1 bytes=C8 18 16 13 C7 CB 5E DC C2 0A 56 B0 82 15 AC 60 05 2B 58 C1 0A 56 B0 82 15 7F
ELRS/CRSF transport: OE off @13223733us
ELRS/CRSF RX len=26 crc=1 bytes=C8 18 16 13 C7 CB 5E DC C2 0A 56 B0 82 15 AC 60 05 2B 58 C1 0A 56 B0 82 15 7F
ELRS/CRSF RX len=15 crc=1 bytes=EA 0D 3A EA EE 10 00 00 9C 40 FF FF CD 24 C3
ELRS/CRSF transport: OE on @13262733us
ELRS/CRSF TX len=26 crc=1 bytes=C8 18 16 0A C7 CB 5E DC C2 0A 56 B0 82 15 AC 60 05 2B 58 C1 0A 56 B0 82 15 53
ELRS/CRSF transport: OE off @13262733us
ELRS/CRSF RX len=26 crc=1 bytes=C8 18 16 0A C7 CB 5E DC C2 0A 56 B0 82 15 AC 60 05 2B 58 C1 0A 56 B0 82 15 53
ELRS/CRSF RX len=15 crc=1 bytes=EA 0D 3A EA EE 10 00 00 9C 40 FF FF AB 64 6E
ELRS/CRSF transport: OE on @13291733us
ELRS/CRSF TX len=26 crc=1 bytes=C8 18 16 12 BF CB 5E DC C2 0A 56 B0 82 15 AC 60 05 2B 58 C1 0A 56 B0 82 15 E4
ELRS/CRSF transport: OE off @13291733us
ELRS/CRSF RX len=26 crc=1 bytes=C8 18 16 12 BF CB 5E DC C2 0A 56 B0 82 15 AC 60 05 2B 58 C1 0A 56 B0 82 15 E4
ELRS/CRSF RX len=15 crc=1 bytes=EA 0D 3A EA EE 10 00 00 9C 40 FF FF CC 2A 60
ELRS/CRSF transport: OE on @13330733us
ELRS/CRSF TX len=26 crc=1 bytes=C8 18 16 0B C7 CB 5E DC C2 0A 56 B0 82 15 AC 60 05 2B 58 C1 0A 56 B0 82 15 68
ELRS/CRSF transport: OE off @13330733us
ELRS/CRSF RX len=26 crc=1 bytes=C8 18 16 0B C7 CB 5E DC C2 0A 56 B0 82 15 AC 60 05 2B 58 C1 0A 56 B0 82 15 68
ELRS/CRSF RX len=15 crc=1 bytes=EA 0D 3A EA EE 10 00 00 9C 40 FF FF AA 92 60
ELRS/CRSF transport: OE on @13359735us
ELRS/CRSF TX len=26 crc=1 bytes=C8 18 16 12 C7 CB 5E DC C2 0A 56 B0 82 15 AC 60 05 2B 58 C1 0A 56 B0 82 15 44
ELRS/CRSF transport: OE off @13359735us
ELRS/CRSF RX len=26 crc=1 bytes=C8 18 16 12 C7 CB 5E DC C2 0A 56 B0 82 15 AC 60 05 2B 58 C1 0A 56 B0 82 15 44
ELRS/CRSF RX len=15 crc=1 bytes=EA 0D 3A EA EE 10 00 00 9C 40 FF FF CC D4 4C
ELRS/CRSF transport: OE on @13398733us
ELRS/CRSF TX len=26 crc=1 bytes=C8 18 16 0A BF CB 5E DC C2 0A 56 B0 82 15 AC 60 05 2B 58 C1 0A 56 B0 82 15 F3
ELRS/CRSF transport: OE off @13398733us
ELRS/CRSF RX len=26 crc=1 bytes=C8 18 16 0A BF CB 5E DC C2 0A 56 B0 82 15 AC 60 05 2B 58 C1 0A 56 B0 82 15 F3
ELRS/CRSF RX len=15 crc=1 bytes=EA 0D 3A EA EE 10 00 00 9C 40 FF FF AB DC 5E
ELRS/CRSF transport: OE on @13427733us
ELRS/CRSF TX len=26 crc=1 bytes=C8 18 16 13 C7 CB 5E DC C2 0A 56 B0 82 15 AC 60 05 2B 58 C1 0A 56 B0 82 15 7F
ELRS/CRSF transport: OE off @13427733us
ELRS/CRSF RX len=26 crc=1 bytes=C8 18 16 13 C7 CB 5E DC C2 0A 56 B0 82 15 AC 60 05 2B 58 C1 0A 56 B0 82 15 7F
ELRS/CRSF RX len=15 crc=1 bytes=EA 0D 3A EA EE 10 00 00 9C 40 FF FF CC 16 41
ELRS/CRSF transport: OE on @13466733us
ELRS/CRSF TX len=26 crc=1 bytes=C8 18 16 06 C7 CB 5E DC C2 0A 56 B0 82 15 AC 60 05 2B 58 C1 0A 56 B0 82 15 B2
ELRS/CRSF transport: OE off @13466733us
ELRS/CRSF RX len=26 crc=1 bytes=C8 18 16 06 C7 CB 5E DC C2 0A 56 B0 82 15 AC 60 05 2B 58 C1 0A 56 B0 82 15 B2
ELRS/CRSF RX len=15 crc=1 bytes=EA 0D 3A EA EE 10 00 00 9C 40 FF FF AB 5A 30
ELRS/CRSF transport: OE on @13495733us
ELRS/CRSF TX len=26 crc=1 bytes=C8 18 16 13 BF CB 5E DC C2 0A 56 B0 82 15 AC 60 05 2B 58 C1 0A 56 B0 82 15 DF
ELRS/CRSF transport: OE off @13495733us
ELRS/CRSF RX len=26 crc=1 bytes=C8 18 16 13 BF CB 5E DC C2 0A 56 B0 82 15 AC 60 05 2B 58 C1 0A 56 B0 82 15 DF
ELRS/CRSF RX len=15 crc=1 bytes=EA 0D 3A EA EE 10 00 00 9C 40 FF FF CC FC C1
ELRS/CRSF transport: OE on @13534733us
ELRS/CRSF TX len=26 crc=1 bytes=C8 18 16 09 C7 CB 5E DC C2 0A 56 B0 82 15 AC 60 05 2B 58 C1 0A 56 B0 82 15 1E
ELRS/CRSF transport: OE off @13534733us
ELRS/CRSF RX len=26 crc=1 bytes=C8 18 16 09 C7 CB 5E DC C2 0A 56 B0 82 15 AC 60 05 2B 58 C1 0A 56 B0 82 15 1E
ELRS/CRSF RX len=15 crc=1 bytes=EA 0D 3A EA EE 10 00 00 9C 40 FF FF AB 64 6E
ELRS/CRSF transport: OE on @13563735us
ELRS/CRSF TX len=26 crc=1 bytes=C8 18 16 13 BF CB 5E DC C2 0A 56 B0 82 15 AC 60 05 2B 58 C1 0A 56 B0 82 15 DF
ELRS/CRSF transport: OE off @13563735us
ELRS/CRSF RX len=26 crc=1 bytes=C8 18 16 13 BF CB 5E DC C2 0A 56 B0 82 15 AC 60 05 2B 58 C1 0A 56 B0 82 15 DF
ELRS/CRSF RX len=15 crc=1 bytes=EA 0D 3A EA EE 10 00 00 9C 40 FF FF CD 4C D3
ELRS/CRSF transport: OE on @13602733us
ELRS/CRSF TX len=26 crc=1 bytes=C8 18 16 13 BF CB 5E DC C2 0A 56 B0 82 15 AC 60 05 2B 58 C1 0A 56 B0 82 15 DF
ELRS/CRSF transport: OE off @13602733us
ELRS/CRSF RX len=26 crc=1 bytes=C8 18 16 13 BF CB 5E DC C2 0A 56 B0 82 15 AC 60 05 2B 58 C1 0A 56 B0 82 15 DF
ELRS/CRSF RX len=15 crc=1 bytes=EA 0D 3A EA EE 10 00 00 9C 40 FF FF AB 5A 30
ELRS/CRSF transport: OE on @13631733us
ELRS/CRSF TX len=26 crc=1 bytes=C8 18 16 13 C7 CB 5E DC C2 0A 56 B0 82 15 AC 60 05 2B 58 C1 0A 56 B0 82 15 7F
ELRS/CRSF transport: OE off @13631733us
ELRS/CRSF RX len=26 crc=1 bytes=C8 18 16 13 C7 CB 5E DC C2 0A 56 B0 82 15 AC 60 05 2B 58 C1 0A 56 B0 82 15 7F
ELRS/CRSF RX len=15 crc=1 bytes=EA 0D 3A EA EE 10 00 00 9C 40 FF FF CD 6A F6
ELRS/CRSF transport: OE on @13670733us
ELRS/CRSF TX len=26 crc=1 bytes=C8 18 16 04 C7 CB 5E DC C2 0A 56 B0 82 15 AC 60 05 2B 58 C1 0A 56 B0 82 15 C4
ELRS/CRSF transport: OE off @13670733us
ELRS/CRSF RX len=26 crc=1 bytes=C8 18 16 04 C7 CB 5E DC C2 0A 56 B0 82 15 AC 60 05 2B 58 C1 0A 56 B0 82 15 C4
ELRS/CRSF RX len=15 crc=1 bytes=EA 0D 3A EA EE 10 00 00 9C 40 FF FF AB AA B4
ELRS/CRSF transport: OE on @13699733us
ELRS/CRSF TX len=26 crc=1 bytes=C8 18 16 13 C7 CB 5E DC C2 0A 56 B0 82 15 AC 60 05 2B 58 C1 0A 56 B0 82 15 7F
ELRS/CRSF transport: OE off @13699733us
ELRS/CRSF RX len=26 crc=1 bytes=C8 18 16 13 C7 CB 5E DC C2 0A 56 B0 82 15 AC 60 05 2B 58 C1 0A 56 B0 82 15 7F
ELRS/CRSF RX len=15 crc=1 bytes=EA 0D 3A EA EE 10 00 00 9C 40 FF FF CC 34 9A
ELRS/CRSF transport: OE on @13738733us
ELRS/CRSF TX len=26 crc=1 bytes=C8 18 16 0A C7 CB 5E DC C2 0A 56 B0 82 15 AC 60 05 2B 58 C1 0A 56 B0 82 15 53
ELRS/CRSF transport: OE off @13738733us
ELRS/CRSF RX len=26 crc=1 bytes=C8 18 16 0A C7 CB 5E DC C2 0A 56 B0 82 15 AC 60 05 2B 58 C1 0A 56 B0 82 15 53
ELRS/CRSF RX len=15 crc=1 bytes=EA 0D 3A EA EE 10 00 00 9C 40 FF FF AE 8E C9
ELRS/CRSF transport: OE on @13767735us
ELRS/CRSF TX len=26 crc=1 bytes=C8 18 16 0E C7 CB 5E DC C2 0A 56 B0 82 15 AC 60 05 2B 58 C1 0A 56 B0 82 15 BF
ELRS/CRSF transport: OE off @13767735us
ELRS/CRSF RX len=26 crc=1 bytes=C8 18 16 0E C7 CB 5E DC C2 0A 56 B0 82 15 AC 60 05 2B 58 C1 0A 56 B0 82 15 BF
ELRS/CRSF RX len=15 crc=1 bytes=EA 0D 3A EA EE 10 00 00 9C 40 FF FF CD 24 C3
ELRS/CRSF transport: OE on @13806733us
ELRS/CRSF TX len=26 crc=1 bytes=C8 18 16 08 C7 CB 5E DC C2 0A 56 B0 82 15 AC 60 05 2B 58 C1 0A 56 B0 82 15 25
ELRS/CRSF transport: OE off @13806733us
ELRS/CRSF RX len=26 crc=1 bytes=C8 18 16 08 C7 CB 5E DC C2 0A 56 B0 82 15 AC 60 05 2B 58 C1 0A 56 B0 82 15 25
ELRS/CRSF RX len=15 crc=1 bytes=EA 0D 3A EA EE 10 00 00 9C 40 FF FF AB 64 6E
ELRS/CRSF transport: OE on @13835733us
ELRS/CRSF TX len=26 crc=1 bytes=C8 18 16 13 C7 CB 5E DC C2 0A 56 B0 82 15 AC 60 05 2B 58 C1 0A 56 B0 82 15 7F
ELRS/CRSF transport: OE off @13835733us
ELRS/CRSF RX len=26 crc=1 bytes=C8 18 16 13 C7 CB 5E DC C2 0A 56 B0 82 15 AC 60 05 2B 58 C1 0A 56 B0 82 15 7F
ELRS/CRSF RX len=15 crc=1 bytes=EA 0D 3A EA EE 10 00 00 9C 40 FF FF CD 6A F6
ELRS/CRSF transport: OE on @13874733us
ELRS/CRSF TX len=26 crc=1 bytes=C8 18 16 0B C7 CB 5E DC C2 0A 56 B0 82 15 AC 60 05 2B 58 C1 0A 56 B0 82 15 68
ELRS/CRSF transport: OE off @13874733us
ELRS/CRSF RX len=26 crc=1 bytes=C8 18 16 0B C7 CB 5E DC C2 0A 56 B0 82 15 AC 60 05 2B 58 C1 0A 56 B0 82 15 68
ELRS/CRSF RX len=15 crc=1 bytes=EA 0D 3A EA EE 10 00 00 9C 40 FF FF AC 18 E3
ELRS/CRSF transport: OE on @13903733us
ELRS/CRSF TX len=26 crc=1 bytes=C8 18 16 13 BF CB 5E DC C2 0A 56 B0 82 15 AC 60 05 2B 58 C1 0A 56 B0 82 15 DF
ELRS/CRSF transport: OE off @13903733us
ELRS/CRSF RX len=26 crc=1 bytes=C8 18 16 13 BF CB 5E DC C2 0A 56 B0 82 15 AC 60 05 2B 58 C1 0A 56 B0 82 15 DF
ELRS/CRSF RX len=15 crc=1 bytes=EA 0D 3A EA EE 10 00 00 9C 40 FF FF CC 8E D5
ELRS/CRSF transport: OE on @13942733us
ELRS/CRSF TX len=26 crc=1 bytes=C8 18 16 06 C7 CB 5E DC C2 0A 56 B0 82 15 AC 60 05 2B 58 C1 0A 56 B0 82 15 B2
ELRS/CRSF transport: OE off @13942733us
ELRS/CRSF RX len=26 crc=1 bytes=C8 18 16 06 C7 CB 5E DC C2 0A 56 B0 82 15 AC 60 05 2B 58 C1 0A 56 B0 82 15 B2
ELRS/CRSF RX len=15 crc=1 bytes=EA 0D 3A EA EE 10 00 00 9C 40 FF FF AA F6 A7
ELRS/CRSF transport: OE on @13971735us
ELRS/CRSF TX len=26 crc=1 bytes=C8 18 16 13 C7 CB 5E DC C2 0A 56 B0 82 15 AC 60 05 2B 58 C1 0A 56 B0 82 15 7F
ELRS/CRSF transport: OE off @13971735us
ELRS/CRSF RX len=26 crc=1 bytes=C8 18 16 13 C7 CB 5E DC C2 0A 56 B0 82 15 AC 60 05 2B 58 C1 0A 56 B0 82 15 7F
ELRS/CRSF RX len=15 crc=1 bytes=EA 0D 3A EA EE 10 00 00 9C 40 FF FF CD 24 C3
ELRS/CRSF transport: OE on @14010733us
ELRS/CRSF TX len=26 crc=1 bytes=C8 18 16 0A C7 CB 5E DC C2 0A 56 B0 82 15 AC 60 05 2B 58 C1 0A 56 B0 82 15 53
ELRS/CRSF transport: OE off @14010733us
ELRS/CRSF RX len=26 crc=1 bytes=C8 18 16 0A C7 CB 5E DC C2 0A 56 B0 82 15 AC 60 05 2B 58 C1 0A 56 B0 82 15 53
ELRS/CRSF RX len=15 crc=1 bytes=EA 0D 3A EA EE 10 00 00 9C 40 FF FF AB 64 6E
ELRS/CRSF transport: OE on @14039733us
ELRS/CRSF TX len=26 crc=1 bytes=C8 18 16 13 C7 CB 5E DC C2 0A 56 B0 82 15 AC 60 05 2B 58 C1 0A 56 B0 82 15 7F
ELRS/CRSF transport: OE off @14039733us
ELRS/CRSF RX len=26 crc=1 bytes=C8 18 16 13 C7 CB 5E DC C2 0A 56 B0 82 15 AC 60 05 2B 58 C1 0A 56 B0 82 15 7F
ELRS/CRSF RX len=15 crc=1 bytes=EA 0D 3A EA EE 10 00 00 9C 40 FF FF CC 3E CC
ELRS/CRSF transport: OE on @14078733us
ELRS/CRSF TX len=26 crc=1 bytes=C8 18 16 0A C7 CB 5E DC C2 0A 56 B0 82 15 AC 60 05 2B 58 C1 0A 56 B0 82 15 53
ELRS/CRSF transport: OE off @14078733us
ELRS/CRSF RX len=26 crc=1 bytes=C8 18 16 0A C7 CB 5E DC C2 0A 56 B0 82 15 AC 60 05 2B 58 C1 0A 56 B0 82 15 53
ELRS/CRSF RX len=15 crc=1 bytes=EA 0D 3A EA EE 10 00 00 9C 40 FF FF AB 00 A9
ELRS/CRSF transport: OE on @14107733us
ELRS/CRSF TX len=26 crc=1 bytes=C8 18 16 0E BF CB 5E DE C2 0A 56 B0 82 15 AC 60 05 2B 58 C1 0A 56 B0 82 15 63
ELRS/CRSF transport: OE off @14107733us
ELRS/CRSF RX len=26 crc=1 bytes=C8 18 16 0E BF CB 5E DE C2 0A 56 B0 82 15 AC 60 05 2B 58 C1 0A 56 B0 82 15 63
ELRS/CRSF RX len=15 crc=1 bytes=EA 0D 3A EA EE 10 00 00 9C 40 FF FF CC 48 26
ELRS/CRSF transport: OE on @14146733us
ELRS/CRSF TX len=26 crc=1 bytes=C8 18 16 0A C7 CB 5E DC C2 0A 56 B0 82 15 AC 60 05 2B 58 C1 0A 56 B0 82 15 53
ELRS/CRSF transport: OE off @14146733us
ELRS/CRSF RX len=26 crc=1 bytes=C8 18 16 0A C7 CB 5E DC C2 0A 56 B0 82 15 AC 60 05 2B 58 C1 0A 56 B0 82 15 53
ELRS/CRSF RX len=15 crc=1 bytes=EA 0D 3A EA EE 10 00 00 9C 40 FF FF AB 32 20
ELRS/CRSF transport: OE on @14175735us
ELRS/CRSF TX len=26 crc=1 bytes=C8 18 16 13 BF CB 5E DC C2 0A 56 B0 82 15 AC 60 05 2B 58 C1 0A 56 B0 82 15 DF
ELRS/CRSF transport: OE off @14175735us
ELRS/CRSF RX len=26 crc=1 bytes=C8 18 16 13 BF CB 5E DC C2 0A 56 B0 82 15 AC 60 05 2B 58 C1 0A 56 B0 82 15 DF
ELRS/CRSF RX len=15 crc=1 bytes=EA 0D 3A EA EE 10 00 00 9C 40 FF FF CD 1A 9D
ELRS/CRSF transport: OE on @14214733us
ELRS/CRSF TX len=26 crc=1 bytes=C8 18 16 05 C7 CB 5E DC C2 0A 56 B0 82 15 AC 60 05 2B 58 C1 0A 56 B0 82 15 FF
ELRS/CRSF transport: OE off @14214733us
ELRS/CRSF RX len=26 crc=1 bytes=C8 18 16 05 C7 CB 5E DC C2 0A 56 B0 82 15 AC 60 05 2B 58 C1 0A 56 B0 82 15 FF
ELRS/CRSF RX len=15 crc=1 bytes=EA 0D 3A EA EE 10 00 00 9C 40 FF FF AB 8C 91
ELRS/CRSF transport: OE on @14243733us
ELRS/CRSF TX len=26 crc=1 bytes=C8 18 16 13 C7 CB 5E DC C2 0A 56 B0 82 15 AC 60 05 2B 58 C1 0A 56 B0 82 15 7F
ELRS/CRSF transport: OE off @14243733us
ELRS/CRSF RX len=26 crc=1 bytes=C8 18 16 13 C7 CB 5E DC C2 0A 56 B0 82 15 AC 60 05 2B 58 C1 0A 56 B0 82 15 7F
ELRS/CRSF RX len=15 crc=1 bytes=EA 0D 3A EA EE 10 00 00 9C 40 FF FF CB 44 C0
ELRS/CRSF transport: OE on @14282733us
ELRS/CRSF TX len=26 crc=1 bytes=C8 18 16 0B C7 CB 5E DC C2 0A 56 B0 82 15 AC 60 05 2B 58 C1 0A 56 B0 82 15 68
ELRS/CRSF transport: OE off @14282733us
ELRS/CRSF RX len=26 crc=1 bytes=C8 18 16 0B C7 CB 5E DC C2 0A 56 B0 82 15 AC 60 05 2B 58 C1 0A 56 B0 82 15 68
ELRS/CRSF RX len=15 crc=1 bytes=EA 0D 3A EA EE 10 00 00 9C 40 FF FF AB 64 6E
ELRS/CRSF transport: OE on @14311733us
ELRS/CRSF TX len=26 crc=1 bytes=C8 18 16 0F C7 CB 5E DC C2 0A 56 B0 82 15 AC 60 05 2B 58 C1 0A 56 B0 82 15 84
ELRS/CRSF transport: OE off @14311733us
ELRS/CRSF RX len=26 crc=1 bytes=C8 18 16 0F C7 CB 5E DC C2 0A 56 B0 82 15 AC 60 05 2B 58 C1 0A 56 B0 82 15 84
ELRS/CRSF RX len=15 crc=1 bytes=EA 0D 3A EA EE 10 00 00 9C 40 FF FF CC 34 9A
ELRS/CRSF transport: OE on @14350733us
ELRS/CRSF TX len=26 crc=1 bytes=C8 18 16 09 C7 CB 5E DE C2 0A 56 B0 82 15 AC 60 05 2B 58 C1 0A 56 B0 82 15 62
ELRS/CRSF transport: OE off @14350733us
ELRS/CRSF RX len=26 crc=1 bytes=C8 18 16 09 C7 CB 5E DE C2 0A 56 B0 82 15 AC 60 05 2B 58 C1 0A 56 B0 82 15 62
ELRS/CRSF RX len=15 crc=1 bytes=EA 0D 3A EA EE 10 00 00 9C 40 FF FF AA 92 60
ELRS/CRSF transport: OE on @14379735us
ELRS/CRSF TX len=26 crc=1 bytes=C8 18 16 13 BF CB 5E DC C2 0A 56 B0 82 15 AC 60 05 2B 58 C1 0A 56 B0 82 15 DF
ELRS/CRSF transport: OE off @14379735us
ELRS/CRSF RX len=26 crc=1 bytes=C8 18 16 13 BF CB 5E DC C2 0A 56 B0 82 15 AC 60 05 2B 58 C1 0A 56 B0 82 15 DF
ELRS/CRSF RX len=15 crc=1 bytes=EA 0D 3A EA EE 10 00 00 9C 40 FF FF CC F2 69
ELRS/CRSF transport: OE on @14418733us
ELRS/CRSF TX len=26 crc=1 bytes=C8 18 16 06 C7 CB 5E DC C2 0A 56 B0 82 15 AC 60 05 2B 58 C1 0A 56 B0 82 15 B2
ELRS/CRSF transport: OE off @14418733us
ELRS/CRSF RX len=26 crc=1 bytes=C8 18 16 06 C7 CB 5E DC C2 0A 56 B0 82 15 AC 60 05 2B 58 C1 0A 56 B0 82 15 B2
ELRS/CRSF RX len=15 crc=1 bytes=EA 0D 3A EA EE 10 00 00 9C 40 FF FF AB 8C 91
ELRS/CRSF transport: OE on @14447733us
ELRS/CRSF TX len=26 crc=1 bytes=C8 18 16 13 C7 CB 5E DC C2 0A 56 B0 82 15 AC 60 05 2B 58 C1 0A 56 B0 82 15 7F
ELRS/CRSF transport: OE off @14447733us
ELRS/CRSF RX len=26 crc=1 bytes=C8 18 16 13 C7 CB 5E DC C2 0A 56 B0 82 15 AC 60 05 2B 58 C1 0A 56 B0 82 15 7F
ELRS/CRSF RX len=15 crc=1 bytes=EA 0D 3A EA EE 10 00 00 9C 40 FF FF CC 84 83
ELRS/CRSF transport: OE on @14486733us
ELRS/CRSF TX len=26 crc=1 bytes=C8 18 16 07 C7 CB 5E DC C2 0A 56 B0 82 15 AC 60 05 2B 58 C1 0A 56 B0 82 15 89
ELRS/CRSF transport: OE off @14486733us
ELRS/CRSF RX len=26 crc=1 bytes=C8 18 16 07 C7 CB 5E DC C2 0A 56 B0 82 15 AC 60 05 2B 58 C1 0A 56 B0 82 15 89
ELRS/CRSF RX len=15 crc=1 bytes=EA 0D 3A EA EE 10 00 00 9C 40 FF FF AA D8 AB
ELRS/CRSF transport: OE on @14515733us
ELRS/CRSF TX len=26 crc=1 bytes=C8 18 16 13 C7 CB 5E DC C2 0A 56 B0 82 15 AC 60 05 2B 58 C1 0A 56 B0 82 15 7F
ELRS/CRSF transport: OE off @14515733us
ELRS/CRSF RX len=26 crc=1 bytes=C8 18 16 13 C7 CB 5E DC C2 0A 56 B0 82 15 AC 60 05 2B 58 C1 0A 56 B0 82 15 7F
ELRS/CRSF RX len=15 crc=1 bytes=EA 0D 3A EA EE 10 00 00 9C 40 FF FF CC 34 9A
ELRS/CRSF transport: OE on @14554733us
ELRS/CRSF TX len=26 crc=1 bytes=C8 18 16 0A C7 CB 5E DC C2 0A 56 B0 82 15 AC 60 05 2B 58 C1 0A 56 B0 82 15 53
ELRS/CRSF transport: OE off @14554733us
ELRS/CRSF RX len=26 crc=1 bytes=C8 18 16 0A C7 CB 5E DC C2 0A 56 B0 82 15 AC 60 05 2B 58 C1 0A 56 B0 82 15 53
ELRS/CRSF RX len=15 crc=1 bytes=EA 0D 3A EA EE 10 00 00 9C 40 FF FF AB 00 A9
ELRS/CRSF transport: OE on @14583735us
ELRS/CRSF TX len=26 crc=1 bytes=C8 18 16 13 C7 CB 5E DC C2 0A 56 B0 82 15 AC 60 05 2B 58 C1 0A 56 B0 82 15 7F
ELRS/CRSF transport: OE off @14583735us
ELRS/CRSF RX len=26 crc=1 bytes=C8 18 16 13 C7 CB 5E DC C2 0A 56 B0 82 15 AC 60 05 2B 58 C1 0A 56 B0 82 15 7F
ELRS/CRSF RX len=15 crc=1 bytes=EA 0D 3A EA EE 10 00 00 9C 40 FF FF CC F2 69
ELRS/CRSF transport: OE on @14622733us
ELRS/CRSF TX len=26 crc=1 bytes=C8 18 16 13 C7 CB 5E DC C2 0A 56 B0 82 15 AC 60 05 2B 58 C1 0A 56 B0 82 15 7F
ELRS/CRSF transport: OE off @14622733us
ELRS/CRSF RX len=26 crc=1 bytes=C8 18 16 13 C7 CB 5E DC C2 0A 56 B0 82 15 AC 60 05 2B 58 C1 0A 56 B0 82 15 7F
ELRS/CRSF RX len=15 crc=1 bytes=EA 0D 3A EA EE 10 00 00 9C 40 FF FF AB 8C 91
ELRS/CRSF transport: OE on @14651733us
ELRS/CRSF TX len=26 crc=1 bytes=C8 18 16 10 C7 CB 5E DC C2 0A 56 B0 82 15 AC 60 05 2B 58 C1 0A 56 B0 82 15 32
ELRS/CRSF transport: OE off @14651733us
ELRS/CRSF RX len=26 crc=1 bytes=C8 18 16 10 C7 CB 5E DC C2 0A 56 B0 82 15 AC 60 05 2B 58 C1 0A 56 B0 82 15 32
ELRS/CRSF RX len=15 crc=1 bytes=EA 0D 3A EA EE 10 00 00 9C 40 FF FF CC 20 36
ELRS/CRSF transport: OE on @14690733us
ELRS/CRSF TX len=26 crc=1 bytes=C8 18 16 0A C7 CB 5E DC C2 0A 56 B0 82 15 AC 60 05 2B 58 C1 0A 56 B0 82 15 53
ELRS/CRSF transport: OE off @14690733us
ELRS/CRSF RX len=26 crc=1 bytes=C8 18 16 0A C7 CB 5E DC C2 0A 56 B0 82 15 AC 60 05 2B 58 C1 0A 56 B0 82 15 53
ELRS/CRSF RX len=15 crc=1 bytes=EA 0D 3A EA EE 10 00 00 9C 40 FF FF AA D8 AB
ELRS/CRSF transport: OE on @14719733us
ELRS/CRSF TX len=26 crc=1 bytes=C8 18 16 0E C7 CB 5E DC C2 0A 56 B0 82 15 AC 60 05 2B 58 C1 0A 56 B0 82 15 BF
ELRS/CRSF transport: OE off @14719733us
ELRS/CRSF RX len=26 crc=1 bytes=C8 18 16 0E C7 CB 5E DC C2 0A 56 B0 82 15 AC 60 05 2B 58 C1 0A 56 B0 82 15 BF
ELRS/CRSF RX len=15 crc=1 bytes=EA 0D 3A EA EE 10 00 00 9C 40 FF FF CC 3E CC
ELRS/CRSF transport: OE on @14758733us
ELRS/CRSF TX len=26 crc=1 bytes=C8 18 16 0B C7 CB 5E DC C2 0A 56 B0 82 15 AC 60 05 2B 58 C1 0A 56 B0 82 15 68
ELRS/CRSF transport: OE off @14758733us
ELRS/CRSF RX len=26 crc=1 bytes=C8 18 16 0B C7 CB 5E DC C2 0A 56 B0 82 15 AC 60 05 2B 58 C1 0A 56 B0 82 15 68
ELRS/CRSF RX len=15 crc=1 bytes=EA 0D 3A EA EE 10 00 00 9C 40 FF FF AB 1E 53
ELRS/CRSF transport: OE on @14787735us
ELRS/CRSF TX len=26 crc=1 bytes=C8 18 16 13 C7 CB 5E DC C2 0A 56 B0 82 15 AC 60 05 2B 58 C1 0A 56 B0 82 15 7F
ELRS/CRSF transport: OE off @14787735us
ELRS/CRSF RX len=26 crc=1 bytes=C8 18 16 13 C7 CB 5E DC C2 0A 56 B0 82 15 AC 60 05 2B 58 C1 0A 56 B0 82 15 7F
ELRS/CRSF RX len=15 crc=1 bytes=EA 0D 3A EA EE 10 00 00 9C 40 FF FF CD A6 53
ELRS/CRSF transport: OE on @14826733us
ELRS/CRSF TX len=26 crc=1 bytes=C8 18 16 0A C7 CB 5E DC C2 0A 56 B0 82 15 AC 60 05 2B 58 C1 0A 56 B0 82 15 53
ELRS/CRSF transport: OE off @14826733us
ELRS/CRSF RX len=26 crc=1 bytes=C8 18 16 0A C7 CB 5E DC C2 0A 56 B0 82 15 AC 60 05 2B 58 C1 0A 56 B0 82 15 53
ELRS/CRSF RX len=15 crc=1 bytes=EA 0D 3A EA EE 10 00 00 9C 40 FF FF AB E6 FE
ELRS/CRSF transport: OE on @14855733us
ELRS/CRSF TX len=26 crc=1 bytes=C8 18 16 13 C7 CB 5E DC C2 0A 56 B0 82 15 AC 60 05 2B 58 C1 0A 56 B0 82 15 7F
ELRS/CRSF transport: OE off @14855733us
ELRS/CRSF RX len=26 crc=1 bytes=C8 18 16 13 C7 CB 5E DC C2 0A 56 B0 82 15 AC 60 05 2B 58 C1 0A 56 B0 82 15 7F
ELRS/CRSF RX len=15 crc=1 bytes=EA 0D 3A EA EE 10 00 00 9C 40 FF FF CC 0C 45
ELRS/CRSF transport: OE on @14894733us
ELRS/CRSF TX len=26 crc=1 bytes=C8 18 16 05 C7 CB 5E DC C2 0A 56 B0 82 15 AC 60 05 2B 58 C1 0A 56 B0 82 15 FF
ELRS/CRSF transport: OE off @14894733us
ELRS/CRSF RX len=26 crc=1 bytes=C8 18 16 05 C7 CB 5E DC C2 0A 56 B0 82 15 AC 60 05 2B 58 C1 0A 56 B0 82 15 FF
ELRS/CRSF RX len=15 crc=1 bytes=EA 0D 3A EA EE 10 00 00 9C 40 FF FF AA BA ED
ELRS/CRSF transport: OE on @14923733us
ELRS/CRSF TX len=26 crc=1 bytes=C8 18 16 0E C7 CB 5E DC C2 0A 56 B0 82 15 AC 60 05 2B 58 C1 0A 56 B0 82 15 BF
ELRS/CRSF transport: OE off @14923733us
ELRS/CRSF RX len=26 crc=1 bytes=C8 18 16 0E C7 CB 5E DC C2 0A 56 B0 82 15 AC 60 05 2B 58 C1 0A 56 B0 82 15 BF
ELRS/CRSF RX len=15 crc=1 bytes=EA 0D 3A EA EE 10 00 00 9C 40 FF FF CB 4E 96
ELRS/CRSF transport: OE on @14962733us
ELRS/CRSF TX len=26 crc=1 bytes=C8 18 16 0B C7 CB 5E DC C2 0A 56 B0 82 15 AC 60 05 2B 58 C1 0A 56 B0 82 15 68
ELRS/CRSF transport: OE off @14962733us
ELRS/CRSF RX len=26 crc=1 bytes=C8 18 16 0B C7 CB 5E DC C2 0A 56 B0 82 15 AC 60 05 2B 58 C1 0A 56 B0 82 15 68
ELRS/CRSF RX len=15 crc=1 bytes=EA 0D 3A EA EE 10 00 00 9C 40 FF FF AA 92 60
ELRS/CRSF transport: OE on @14991735us
ELRS/CRSF TX len=26 crc=1 bytes=C8 18 16 13 C7 CB 5E DC C2 0A 56 B0 82 15 AC 60 05 2B 58 C1 0A 56 B0 82 15 7F
ELRS/CRSF transport: OE off @14991735us
ELRS/CRSF RX len=26 crc=1 bytes=C8 18 16 13 C7 CB 5E DC C2 0A 56 B0 82 15 AC 60 05 2B 58 C1 0A 56 B0 82 15 7F
ELRS/CRSF RX len=15 crc=1 bytes=EA 0D 3A EA EE 10 00 00 9C 40 FF FF CD 24 C3
ELRS/CRSF transport: OE on @15030733us
ELRS/CRSF TX len=26 crc=1 bytes=C8 18 16 0A C7 CB 5E DC C2 0A 56 B0 82 15 AC 60 05 2B 58 C1 0A 56 B0 82 15 53
ELRS/CRSF transport: OE off @15030733us
ELRS/CRSF RX len=26 crc=1 bytes=C8 18 16 0A C7 CB 5E DC C2 0A 56 B0 82 15 AC 60 05 2B 58 C1 0A 56 B0 82 15 53
ELRS/CRSF RX len=15 crc=1 bytes=EA 0D 3A EA EE 10 00 00 9C 40 FF FF AB 8C 91
ELRS/CRSF transport: OE on @15059733us
ELRS/CRSF TX len=26 crc=1 bytes=C8 18 16 13 C7 CB 5E DE C2 0A 56 B0 82 15 AC 60 05 2B 58 C1 0A 56 B0 82 15 03
ELRS/CRSF transport: OE off @15059733us
ELRS/CRSF RX len=26 crc=1 bytes=C8 18 16 13 C7 CB 5E DE C2 0A 56 B0 82 15 AC 60 05 2B 58 C1 0A 56 B0 82 15 03
ELRS/CRSF RX len=15 crc=1 bytes=EA 0D 3A EA EE 10 00 00 9C 40 FF FF CD 6A F6
ELRS/CRSF transport: OE on @15098733us
ELRS/CRSF TX len=26 crc=1 bytes=C8 18 16 0A C7 CB 5E DC C2 0A 56 B0 82 15 AC 60 05 2B 58 C1 0A 56 B0 82 15 53
ELRS/CRSF transport: OE off @15098733us
ELRS/CRSF RX len=26 crc=1 bytes=C8 18 16 0A C7 CB 5E DC C2 0A 56 B0 82 15 AC 60 05 2B 58 C1 0A 56 B0 82 15 53
ELRS/CRSF RX len=15 crc=1 bytes=EA 0D 3A EA EE 10 00 00 9C 40 FF FF AB D2 F6
ELRS/CRSF transport: OE on @15127733us
ELRS/CRSF TX len=26 crc=1 bytes=C8 18 16 13 C7 CB 5E DE C2 0A 56 B0 82 15 AC 60 05 2B 58 C1 0A 56 B0 82 15 03
ELRS/CRSF transport: OE off @15127733us
ELRS/CRSF RX len=26 crc=1 bytes=C8 18 16 13 C7 CB 5E DE C2 0A 56 B0 82 15 AC 60 05 2B 58 C1 0A 56 B0 82 15 03
ELRS/CRSF RX len=15 crc=1 bytes=EA 0D 3A EA EE 10 00 00 9C 40 FF FF CC DE 1A
ELRS/CRSF transport: OE on @15166733us
ELRS/CRSF TX len=26 crc=1 bytes=C8 18 16 0A C7 CB 5E DC C2 0A 56 B0 82 15 AC 60 05 2B 58 C1 0A 56 B0 82 15 53
ELRS/CRSF transport: OE off @15166733us
ELRS/CRSF RX len=26 crc=1 bytes=C8 18 16 0A C7 CB 5E DC C2 0A 56 B0 82 15 AC 60 05 2B 58 C1 0A 56 B0 82 15 53
ELRS/CRSF RX len=15 crc=1 bytes=EA 0D 3A EA EE 10 00 00 9C 40 FF FF AB 00 A9
ELRS/CRSF transport: OE on @15195735us
ELRS/CRSF TX len=26 crc=1 bytes=C8 18 16 13 C7 CB 5E DC C2 0A 56 B0 82 15 AC 60 05 2B 58 C1 0A 56 B0 82 15 7F
ELRS/CRSF transport: OE off @15195735us
ELRS/CRSF RX len=26 crc=1 bytes=C8 18 16 13 C7 CB 5E DC C2 0A 56 B0 82 15 AC 60 05 2B 58 C1 0A 56 B0 82 15 7F
ELRS/CRSF RX len=15 crc=1 bytes=EA 0D 3A EA EE 10 00 00 9C 40 FF FF CC FC C1
ELRS/CRSF transport: OE on @15234733us
ELRS/CRSF TX len=26 crc=1 bytes=C8 18 16 0A C7 CB 5E DC C2 0A 56 B0 82 15 AC 60 05 2B 58 C1 0A 56 B0 82 15 53
ELRS/CRSF transport: OE off @15234733us
ELRS/CRSF RX len=26 crc=1 bytes=C8 18 16 0A C7 CB 5E DC C2 0A 56 B0 82 15 AC 60 05 2B 58 C1 0A 56 B0 82 15 53
ELRS/CRSF RX len=15 crc=1 bytes=EA 0D 3A EA EE 10 00 00 9C 40 FF FF AB F0 2D
ELRS/CRSF transport: OE on @15263733us
ELRS/CRSF TX len=26 crc=1 bytes=C8 18 16 12 C7 CB 5E DC C2 0A 56 B0 82 15 AC 60 05 2B 58 C1 0A 56 B0 82 15 44
ELRS/CRSF transport: OE off @15263733us
ELRS/CRSF RX len=26 crc=1 bytes=C8 18 16 12 C7 CB 5E DC C2 0A 56 B0 82 15 AC 60 05 2B 58 C1 0A 56 B0 82 15 44
ELRS/CRSF RX len=15 crc=1 bytes=EA 0D 3A EA EE 10 00 00 9C 40 FF FF CC 8E D5
ELRS/CRSF transport: OE on @15302733us
ELRS/CRSF TX len=26 crc=1 bytes=C8 18 16 06 C7 CB 5E DE C2 0A 56 B0 82 15 AC 60 05 2B 58 C1 0A 56 B0 82 15 CE
ELRS/CRSF transport: OE off @15302733us
ELRS/CRSF RX len=26 crc=1 bytes=C8 18 16 06 C7 CB 5E DE C2 0A 56 B0 82 15 AC 60 05 2B 58 C1 0A 56 B0 82 15 CE
ELRS/CRSF RX len=15 crc=1 bytes=EA 0D 3A EA EE 10 00 00 9C 40 FF FF AA BA ED
ELRS/CRSF transport: OE on @15331733us
ELRS/CRSF TX len=26 crc=1 bytes=C8 18 16 13 C7 CB 5E DC C2 0A 56 B0 82 15 AC 60 05 2B 58 C1 0A 56 B0 82 15 7F
ELRS/CRSF transport: OE off @15331733us
ELRS/CRSF RX len=26 crc=1 bytes=C8 18 16 13 C7 CB 5E DC C2 0A 56 B0 82 15 AC 60 05 2B 58 C1 0A 56 B0 82 15 7F
ELRS/CRSF RX len=15 crc=1 bytes=EA 0D 3A EA EE 10 00 00 9C 40 FF FF CC 8E D5
ELRS/CRSF transport: OE on @15370733us
ELRS/CRSF TX len=26 crc=1 bytes=C8 18 16 0A C7 CB 5E DC C2 0A 56 B0 82 15 AC 60 05 2B 58 C1 0A 56 B0 82 15 53
ELRS/CRSF transport: OE off @15370733us
ELRS/CRSF RX len=26 crc=1 bytes=C8 18 16 0A C7 CB 5E DC C2 0A 56 B0 82 15 AC 60 05 2B 58 C1 0A 56 B0 82 15 53
ELRS/CRSF RX len=15 crc=1 bytes=EA 0D 3A EA EE 10 00 00 9C 40 FF FF AE 34 86
ELRS/CRSF transport: OE on @15399735us
ELRS/CRSF TX len=26 crc=1 bytes=C8 18 16 13 C7 CB 5E DC C2 0A 56 B0 82 15 AC 60 05 2B 58 C1 0A 56 B0 82 15 7F
ELRS/CRSF transport: OE off @15399735us
ELRS/CRSF RX len=26 crc=1 bytes=C8 18 16 13 C7 CB 5E DC C2 0A 56 B0 82 15 AC 60 05 2B 58 C1 0A 56 B0 82 15 7F
ELRS/CRSF RX len=15 crc=1 bytes=EA 0D 3A EA EE 10 00 00 9C 40 FF FF CC F2 69
ELRS/CRSF transport: OE on @15438733us
ELRS/CRSF TX len=26 crc=1 bytes=C8 18 16 0A C7 CB 5E DC C2 0A 56 B0 82 15 AC 60 05 2B 58 C1 0A 56 B0 82 15 53
ELRS/CRSF transport: OE off @15438733us
ELRS/CRSF RX len=26 crc=1 bytes=C8 18 16 0A C7 CB 5E DC C2 0A 56 B0 82 15 AC 60 05 2B 58 C1 0A 56 B0 82 15 53
ELRS/CRSF RX len=15 crc=1 bytes=EA 0D 3A EA EE 10 00 00 9C 40 FF FF AB 64 6E
ELRS/CRSF transport: OE on @15467733us
ELRS/CRSF TX len=26 crc=1 bytes=C8 18 16 10 C7 CB 5E DC C2 0A 56 B0 82 15 AC 60 05 2B 58 C1 0A 56 B0 82 15 32
ELRS/CRSF transport: OE off @15467733us
ELRS/CRSF RX len=26 crc=1 bytes=C8 18 16 10 C7 CB 5E DC C2 0A 56 B0 82 15 AC 60 05 2B 58 C1 0A 56 B0 82 15 32
ELRS/CRSF RX len=15 crc=1 bytes=EA 0D 3A EA EE 10 00 00 9C 40 FF FF CC 7A AF
ELRS/CRSF transport: OE on @15506733us
ELRS/CRSF TX len=26 crc=1 bytes=C8 18 16 06 C7 CB 5E DE C2 0A 56 B0 82 15 AC 60 05 2B 58 C1 0A 56 B0 82 15 CE
ELRS/CRSF transport: OE off @15506733us
ELRS/CRSF RX len=26 crc=1 bytes=C8 18 16 06 C7 CB 5E DE C2 0A 56 B0 82 15 AC 60 05 2B 58 C1 0A 56 B0 82 15 CE
ELRS/CRSF RX len=15 crc=1 bytes=EA 0D 3A EA EE 10 00 00 9C 40 FF FF AA 92 60
ELRS/CRSF transport: OE on @15535733us
ELRS/CRSF TX len=26 crc=1 bytes=C8 18 16 13 C7 CB 5E DE C2 0A 56 B0 82 15 AC 60 05 2B 58 C1 0A 56 B0 82 15 03
ELRS/CRSF transport: OE off @15535733us
ELRS/CRSF RX len=26 crc=1 bytes=C8 18 16 13 C7 CB 5E DE C2 0A 56 B0 82 15 AC 60 05 2B 58 C1 0A 56 B0 82 15 03
ELRS/CRSF RX len=15 crc=1 bytes=EA 0D 3A EA EE 10 00 00 9C 40 FF FF CC 2A 60
ELRS/CRSF transport: OE on @15574733us
ELRS/CRSF TX len=26 crc=1 bytes=C8 18 16 06 C7 CB 5E DC C2 0A 56 B0 82 15 AC 60 05 2B 58 C1 0A 56 B0 82 15 B2
ELRS/CRSF transport: OE off @15574733us
ELRS/CRSF RX len=26 crc=1 bytes=C8 18 16 06 C7 CB 5E DC C2 0A 56 B0 82 15 AC 60 05 2B 58 C1 0A 56 B0 82 15 B2
ELRS/CRSF RX len=15 crc=1 bytes=EA 0D 3A EA EE 10 00 00 9C 40 FF FF AB 3C 88
ELRS/CRSF transport: OE on @15603735us
ELRS/CRSF TX len=26 crc=1 bytes=C8 18 16 13 C7 CB 5E DC C2 0A 56 B0 82 15 AC 60 05 2B 58 C1 0A 56 B0 82 15 7F
ELRS/CRSF transport: OE off @15603735us
ELRS/CRSF RX len=26 crc=1 bytes=C8 18 16 13 C7 CB 5E DC C2 0A 56 B0 82 15 AC 60 05 2B 58 C1 0A 56 B0 82 15 7F
ELRS/CRSF RX len=15 crc=1 bytes=EA 0D 3A EA EE 10 00 00 9C 40 FF FF CC D4 4C
ELRS/CRSF transport: OE on @15642733us
ELRS/CRSF TX len=26 crc=1 bytes=C8 18 16 0A C7 CB 5E DC C2 0A 56 B0 82 15 AC 60 05 2B 58 C1 0A 56 B0 82 15 53
ELRS/CRSF transport: OE off @15642733us
ELRS/CRSF RX len=26 crc=1 bytes=C8 18 16 0A C7 CB 5E DC C2 0A 56 B0 82 15 AC 60 05 2B 58 C1 0A 56 B0 82 15 53
ELRS/CRSF RX len=15 crc=1 bytes=EA 0D 3A EA EE 10 00 00 9C 40 FF FF AB A0 E2
ELRS/CRSF transport: OE on @15671733us
ELRS/CRSF TX len=26 crc=1 bytes=C8 18 16 13 C7 CB 5E DC C2 0A 56 B0 82 15 AC 60 05 2B 58 C1 0A 56 B0 82 15 7F
ELRS/CRSF transport: OE off @15671733us
ELRS/CRSF RX len=26 crc=1 bytes=C8 18 16 13 C7 CB 5E DC C2 0A 56 B0 82 15 AC 60 05 2B 58 C1 0A 56 B0 82 15 7F
ELRS/CRSF RX len=15 crc=1 bytes=EA 0D 3A EA EE 10 00 00 9C 40 FF FF CC 16 41
ELRS/CRSF transport: OE on @15710733us
ELRS/CRSF TX len=26 crc=1 bytes=C8 18 16 0A C7 CB 5E DC C2 0A 56 B0 82 15 AC 60 05 2B 58 C1 0A 56 B0 82 15 53
ELRS/CRSF transport: OE off @15710733us
ELRS/CRSF RX len=26 crc=1 bytes=C8 18 16 0A C7 CB 5E DC C2 0A 56 B0 82 15 AC 60 05 2B 58 C1 0A 56 B0 82 15 53
ELRS/CRSF RX len=15 crc=1 bytes=EA 0D 3A EA EE 10 00 00 9C 40 FF FF AA BA ED
ELRS/CRSF transport: OE on @15739733us
ELRS/CRSF TX len=26 crc=1 bytes=C8 18 16 13 C7 CB 5E DE C2 0A 56 B0 82 15 AC 60 05 2B 58 C1 0A 56 B0 82 15 03
ELRS/CRSF transport: OE off @15739733us
ELRS/CRSF RX len=26 crc=1 bytes=C8 18 16 13 C7 CB 5E DE C2 0A 56 B0 82 15 AC 60 05 2B 58 C1 0A 56 B0 82 15 03
ELRS/CRSF RX len=15 crc=1 bytes=EA 0D 3A EA EE 10 00 00 9C 40 FF FF CD 6A F6
ELRS/CRSF transport: OE on @15778733us
ELRS/CRSF TX len=26 crc=1 bytes=C8 18 16 08 C7 CB 5E DE C2 0A 56 B0 82 15 AC 60 05 2B 58 C1 0A 56 B0 82 15 59
ELRS/CRSF transport: OE off @15778733us
ELRS/CRSF RX len=26 crc=1 bytes=C8 18 16 08 C7 CB 5E DE C2 0A 56 B0 82 15 AC 60 05 2B 58 C1 0A 56 B0 82 15 59
ELRS/CRSF RX len=15 crc=1 bytes=EA 0D 3A EA EE 10 00 00 9C 40 FF FF AC 0E 30
ELRS/CRSF transport: OE on @15807735us
ELRS/CRSF TX len=26 crc=1 bytes=C8 18 16 13 C7 CB 5E DE C2 0A 56 B0 82 15 AC 60 05 2B 58 C1 0A 56 B0 82 15 03
ELRS/CRSF transport: OE off @15807735us
ELRS/CRSF RX len=26 crc=1 bytes=C8 18 16 13 C7 CB 5E DE C2 0A 56 B0 82 15 AC 60 05 2B 58 C1 0A 56 B0 82 15 03
ELRS/CRSF RX len=15 crc=1 bytes=EA 0D 3A EA EE 10 00 00 9C 40 FF FF CC F2 69
ELRS/CRSF transport: OE on @15846733us
ELRS/CRSF TX len=26 crc=1 bytes=C8 18 16 0A C7 CB 5E DC C2 0A 56 B0 82 15 AC 60 05 2B 58 C1 0A 56 B0 82 15 53
ELRS/CRSF transport: OE off @15846733us
ELRS/CRSF RX len=26 crc=1 bytes=C8 18 16 0A C7 CB 5E DC C2 0A 56 B0 82 15 AC 60 05 2B 58 C1 0A 56 B0 82 15 53
ELRS/CRSF RX len=15 crc=1 bytes=EA 0D 3A EA EE 10 00 00 9C 40 FF FF AB FA 7B
ELRS/CRSF transport: OE on @15875733us
ELRS/CRSF TX len=26 crc=1 bytes=C8 18 16 13 C7 CB 5E DE C2 0A 56 B0 82 15 AC 60 05 2B 58 C1 0A 56 B0 82 15 03
ELRS/CRSF transport: OE off @15875733us
ELRS/CRSF RX len=26 crc=1 bytes=C8 18 16 13 C7 CB 5E DE C2 0A 56 B0 82 15 AC 60 05 2B 58 C1 0A 56 B0 82 15 03
ELRS/CRSF RX len=15 crc=1 bytes=EA 0D 3A EA EE 10 00 00 9C 40 FF FF CC 20 36
ELRS/CRSF transport: OE on @15914733us
ELRS/CRSF TX len=26 crc=1 bytes=C8 18 16 08 C7 CB 5E DC C2 0A 56 B0 82 15 AC 60 05 2B 58 C1 0A 56 B0 82 15 25
ELRS/CRSF transport: OE off @15914733us
ELRS/CRSF RX len=26 crc=1 bytes=C8 18 16 08 C7 CB 5E DC C2 0A 56 B0 82 15 AC 60 05 2B 58 C1 0A 56 B0 82 15 25
ELRS/CRSF RX len=15 crc=1 bytes=EA 0D 3A EA EE 10 00 00 9C 40 FF FF AB 00 A9
ELRS/CRSF transport: OE on @15943733us
ELRS/CRSF TX len=26 crc=1 bytes=C8 18 16 10 C7 CB 5E DC C2 0A 56 B0 82 15 AC 60 05 2B 58 C1 0A 56 B0 82 15 32
ELRS/CRSF transport: OE off @15943733us
ELRS/CRSF RX len=26 crc=1 bytes=C8 18 16 10 C7 CB 5E DC C2 0A 56 B0 82 15 AC 60 05 2B 58 C1 0A 56 B0 82 15 32
ELRS/CRSF RX len=15 crc=1 bytes=EA 0D 3A EA EE 10 00 00 9C 40 FF FF CC 02 ED
ELRS/CRSF transport: OE on @15982733us
ELRS/CRSF TX len=26 crc=1 bytes=C8 18 16 02 C7 CB 5E DE C2 0A 56 B0 82 15 AC 60 05 2B 58 C1 0A 56 B0 82 15 22
ELRS/CRSF transport: OE off @15982733us
ELRS/CRSF RX len=26 crc=1 bytes=C8 18 16 02 C7 CB 5E DE C2 0A 56 B0 82 15 AC 60 05 2B 58 C1 0A 56 B0 82 15 22
ELRS/CRSF RX len=15 crc=1 bytes=EA 0D 3A EA EE 10 00 00 9C 40 FF FF AA BA ED
ELRS/CRSF transport: OE on @16011735us
ELRS/CRSF TX len=26 crc=1 bytes=C8 18 16 13 C7 CB 5E DC C2 0A 56 B0 82 15 AC 60 05 2B 58 C1 0A 56 B0 82 15 7F
ELRS/CRSF transport: OE off @16011735us
ELRS/CRSF RX len=26 crc=1 bytes=C8 18 16 13 C7 CB 5E DC C2 0A 56 B0 82 15 AC 60 05 2B 58 C1 0A 56 B0 82 15 7F
ELRS/CRSF RX len=15 crc=1 bytes=EA 0D 3A EA EE 10 00 00 9C 40 FF FF CD 6A F6
ELRS/CRSF transport: OE on @16050733us
ELRS/CRSF TX len=26 crc=1 bytes=C8 18 16 0A C7 CB 5E DE C2 0A 56 B0 82 15 AC 60 05 2B 58 C1 0A 56 B0 82 15 2F
ELRS/CRSF transport: OE off @16050733us
ELRS/CRSF RX len=26 crc=1 bytes=C8 18 16 0A C7 CB 5E DE C2 0A 56 B0 82 15 AC 60 05 2B 58 C1 0A 56 B0 82 15 2F
ELRS/CRSF RX len=15 crc=1 bytes=EA 0D 3A EA EE 10 00 00 9C 40 FF FF AB D2 F6
ELRS/CRSF transport: OE on @16079733us
ELRS/CRSF TX len=26 crc=1 bytes=C8 18 16 0F C7 CB 5E DE C2 0A 56 B0 82 15 AC 60 05 2B 58 C1 0A 56 B0 82 15 F8
ELRS/CRSF transport: OE off @16079733us
ELRS/CRSF RX len=26 crc=1 bytes=C8 18 16 0F C7 CB 5E DE C2 0A 56 B0 82 15 AC 60 05 2B 58 C1 0A 56 B0 82 15 F8
ELRS/CRSF RX len=15 crc=1 bytes=EA 0D 3A EA EE 10 00 00 9C 40 FF FF CC 34 9A
ELRS/CRSF transport: OE on @16118733us
ELRS/CRSF TX len=26 crc=1 bytes=C8 18 16 0A C7 CB 5E DE C2 0A 56 B0 82 15 AC 60 05 2B 58 C1 0A 56 B0 82 15 2F
ELRS/CRSF transport: OE off @16118733us
ELRS/CRSF RX len=26 crc=1 bytes=C8 18 16 0A C7 CB 5E DE C2 0A 56 B0 82 15 AC 60 05 2B 58 C1 0A 56 B0 82 15 2F
ELRS/CRSF RX len=15 crc=1 bytes=EA 0D 3A EA EE 10 00 00 9C 40 FF FF AA 7E 61
ELRS/CRSF transport: OE on @16147733us
ELRS/CRSF TX len=26 crc=1 bytes=C8 18 16 11 C7 CB 5E DE C2 0A 56 B0 82 15 AC 60 05 2B 58 C1 0A 56 B0 82 15 75
ELRS/CRSF transport: OE off @16147733us
ELRS/CRSF RX len=26 crc=1 bytes=C8 18 16 11 C7 CB 5E DE C2 0A 56 B0 82 15 AC 60 05 2B 58 C1 0A 56 B0 82 15 75
ELRS/CRSF RX len=15 crc=1 bytes=EA 0D 3A EA EE 10 00 00 9C 40 FF FF CC 2A 60
ELRS/CRSF transport: OE on @16186733us
ELRS/CRSF TX len=26 crc=1 bytes=C8 18 16 0A C7 0B 5F DE C2 0A 56 B0 82 15 AC 60 05 2B 58 C1 0A 56 B0 82 15 C3
ELRS/CRSF transport: OE off @16186733us
ELRS/CRSF RX len=26 crc=1 bytes=C8 18 16 0A C7 0B 5F DE C2 0A 56 B0 82 15 AC 60 05 2B 58 C1 0A 56 B0 82 15 C3
ELRS/CRSF RX len=15 crc=1 bytes=EA 0D 3A EA EE 10 00 00 9C 40 FF FF AA 92 60
ELRS/CRSF transport: OE on @16215735us
ELRS/CRSF TX len=26 crc=1 bytes=C8 18 16 13 C7 CB 5E DE C2 0A 56 B0 82 15 AC 60 05 2B 58 C1 0A 56 B0 82 15 03
ELRS/CRSF transport: OE off @16215735us
ELRS/CRSF RX len=26 crc=1 bytes=C8 18 16 13 C7 CB 5E DE C2 0A 56 B0 82 15 AC 60 05 2B 58 C1 0A 56 B0 82 15 03
ELRS/CRSF RX len=15 crc=1 bytes=EA 0D 3A EA EE 10 00 00 9C 40 FF FF CC DE 1A
ELRS/CRSF transport: OE on @16254733us
ELRS/CRSF TX len=26 crc=1 bytes=C8 18 16 0B C7 CB 5E DE C2 0A 56 B0 82 15 AC 60 05 2B 58 C1 0A 56 B0 82 15 14
ELRS/CRSF transport: OE off @16254733us
ELRS/CRSF RX len=26 crc=1 bytes=C8 18 16 0B C7 CB 5E DE C2 0A 56 B0 82 15 AC 60 05 2B 58 C1 0A 56 B0 82 15 14
ELRS/CRSF RX len=15 crc=1 bytes=EA 0D 3A EA EE 10 00 00 9C 40 FF FF AB A0 E2
ELRS/CRSF transport: OE on @16283733us
ELRS/CRSF TX len=26 crc=1 bytes=C8 18 16 0F C7 0B 5F DE C2 0A 56 B0 82 15 AC 60 05 2B 58 C1 0A 56 B0 82 15 14
ELRS/CRSF transport: OE off @16283733us
ELRS/CRSF RX len=26 crc=1 bytes=C8 18 16 0F C7 0B 5F DE C2 0A 56 B0 82 15 AC 60 05 2B 58 C1 0A 56 B0 82 15 14
ELRS/CRSF RX len=15 crc=1 bytes=EA 0D 3A EA EE 10 00 00 9C 40 FF FF CC 48 26
ELRS/CRSF transport: OE on @16322733us
ELRS/CRSF TX len=26 crc=1 bytes=C8 18 16 0A C7 0B 5F DE C2 0A 56 B0 82 15 AC 60 05 2B 58 C1 0A 56 B0 82 15 C3
ELRS/CRSF transport: OE off @16322733us
ELRS/CRSF RX len=26 crc=1 bytes=C8 18 16 0A C7 0B 5F DE C2 0A 56 B0 82 15 AC 60 05 2B 58 C1 0A 56 B0 82 15 C3
ELRS/CRSF RX len=15 crc=1 bytes=EA 0D 3A EA EE 10 00 00 9C 40 FF FF AB 00 A9
ELRS/CRSF transport: OE on @16351733us
ELRS/CRSF TX len=26 crc=1 bytes=C8 18 16 11 C7 CB 5E DE C2 0A 56 B0 82 15 AC 60 05 2B 58 C1 0A 56 B0 82 15 75
ELRS/CRSF transport: OE off @16351733us
ELRS/CRSF RX len=26 crc=1 bytes=C8 18 16 11 C7 CB 5E DE C2 0A 56 B0 82 15 AC 60 05 2B 58 C1 0A 56 B0 82 15 75
ELRS/CRSF RX len=15 crc=1 bytes=EA 0D 3A EA EE 10 00 00 9C 40 FF FF CC 52 22
ELRS/CRSF transport: OE on @16390733us
ELRS/CRSF TX len=26 crc=1 bytes=C8 18 16 09 C7 0B 5F DE C2 0A 56 B0 82 15 AC 60 05 2B 58 C1 0A 56 B0 82 15 8E
ELRS/CRSF transport: OE off @16390733us
ELRS/CRSF RX len=26 crc=1 bytes=C8 18 16 09 C7 0B 5F DE C2 0A 56 B0 82 15 AC 60 05 2B 58 C1 0A 56 B0 82 15 8E
ELRS/CRSF RX len=15 crc=1 bytes=EA 0D 3A EA EE 10 00 00 9C 40 FF FF AA B0 BB
ELRS/CRSF transport: OE on @16419735us
ELRS/CRSF TX len=26 crc=1 bytes=C8 18 16 13 C7 CB 5E DE C2 0A 56 B0 82 15 AC 60 05 2B 58 C1 0A 56 B0 82 15 03
ELRS/CRSF transport: OE off @16419735us
ELRS/CRSF RX len=26 crc=1 bytes=C8 18 16 13 C7 CB 5E DE C2 0A 56 B0 82 15 AC 60 05 2B 58 C1 0A 56 B0 82 15 03
ELRS/CRSF RX len=15 crc=1 bytes=EA 0D 3A EA EE 10 00 00 9C 40 FF FF CC F2 69
ELRS/CRSF transport: OE on @16458733us
ELRS/CRSF TX len=26 crc=1 bytes=C8 18 16 0A C7 CB 5E DE C2 0A 56 B0 82 15 AC 60 05 2B 58 C1 0A 56 B0 82 15 2F
ELRS/CRSF transport: OE off @16458733us
ELRS/CRSF RX len=26 crc=1 bytes=C8 18 16 0A C7 CB 5E DE C2 0A 56 B0 82 15 AC 60 05 2B 58 C1 0A 56 B0 82 15 2F
ELRS/CRSF RX len=15 crc=1 bytes=EA 0D 3A EA EE 10 00 00 9C 40 FF FF AB DC 5E
ELRS/CRSF transport: OE on @16487733us
ELRS/CRSF TX len=26 crc=1 bytes=C8 18 16 13 C7 CB 5E DC C2 0A 56 B0 82 15 AC 60 05 2B 58 C1 0A 56 B0 82 15 7F
ELRS/CRSF transport: OE off @16487733us
ELRS/CRSF RX len=26 crc=1 bytes=C8 18 16 13 C7 CB 5E DC C2 0A 56 B0 82 15 AC 60 05 2B 58 C1 0A 56 B0 82 15 7F
ELRS/CRSF RX len=15 crc=1 bytes=EA 0D 3A EA EE 10 00 00 9C 40 FF FF CC 20 36
ELRS/CRSF transport: OE on @16526733us
ELRS/CRSF TX len=26 crc=1 bytes=C8 18 16 0B C7 CB 5E DE C2 0A 56 B0 82 15 AC 60 05 2B 58 C1 0A 56 B0 82 15 14
ELRS/CRSF transport: OE off @16526733us
ELRS/CRSF RX len=26 crc=1 bytes=C8 18 16 0B C7 CB 5E DE C2 0A 56 B0 82 15 AC 60 05 2B 58 C1 0A 56 B0 82 15 14
ELRS/CRSF RX len=15 crc=1 bytes=EA 0D 3A EA EE 10 00 00 9C 40 FF FF AA D8 AB
ELRS/CRSF transport: OE on @16555733us
ELRS/CRSF TX len=26 crc=1 bytes=C8 18 16 13 C7 CB 5E DE C2 0A 56 B0 82 15 AC 60 05 2B 58 C1 0A 56 B0 82 15 03
ELRS/CRSF transport: OE off @16555733us
ELRS/CRSF RX len=26 crc=1 bytes=C8 18 16 13 C7 CB 5E DE C2 0A 56 B0 82 15 AC 60 05 2B 58 C1 0A 56 B0 82 15 03
ELRS/CRSF RX len=15 crc=1 bytes=EA 0D 3A EA EE 10 00 00 9C 40 FF FF CC 02 ED
ELRS/CRSF transport: OE on @16594733us
ELRS/CRSF TX len=26 crc=1 bytes=C8 18 16 06 C7 CB 5E DE C2 0A 56 B0 82 15 AC 60 05 2B 58 C1 0A 56 B0 82 15 CE
ELRS/CRSF transport: OE off @16594733us
ELRS/CRSF RX len=26 crc=1 bytes=C8 18 16 06 C7 CB 5E DE C2 0A 56 B0 82 15 AC 60 05 2B 58 C1 0A 56 B0 82 15 CE
ELRS/CRSF RX len=15 crc=1 bytes=EA 0D 3A EA EE 10 00 00 9C 40 FF FF AB 00 A9
ELRS/CRSF transport: OE on @16623735us
ELRS/CRSF TX len=26 crc=1 bytes=C8 18 16 13 C7 CB 5E DE C2 0A 56 B0 82 15 AC 60 05 2B 58 C1 0A 56 B0 82 15 03
ELRS/CRSF transport: OE off @16623735us
ELRS/CRSF RX len=26 crc=1 bytes=C8 18 16 13 C7 CB 5E DE C2 0A 56 B0 82 15 AC 60 05 2B 58 C1 0A 56 B0 82 15 03
ELRS/CRSF RX len=15 crc=1 bytes=EA 0D 3A EA EE 10 00 00 9C 40 FF FF CC E8 6D
ELRS/CRSF transport: OE on @16662733us
ELRS/CRSF TX len=26 crc=1 bytes=C8 18 16 06 C7 0B 5F DE C2 0A 56 B0 82 15 AC 60 05 2B 58 C1 0A 56 B0 82 15 22
ELRS/CRSF transport: OE off @16662733us
ELRS/CRSF RX len=26 crc=1 bytes=C8 18 16 06 C7 0B 5F DE C2 0A 56 B0 82 15 AC 60 05 2B 58 C1 0A 56 B0 82 15 22
ELRS/CRSF RX len=15 crc=1 bytes=EA 0D 3A EA EE 10 00 00 9C 40 FF FF AB 64 6E
ELRS/CRSF transport: OE on @16691733us
ELRS/CRSF TX len=26 crc=1 bytes=C8 18 16 12 C7 CB 5E DC C2 0A 56 B0 82 15 AC 60 05 2B 58 C1 0A 56 B0 82 15 44
ELRS/CRSF transport: OE off @16691733us
ELRS/CRSF RX len=26 crc=1 bytes=C8 18 16 12 C7 CB 5E DC C2 0A 56 B0 82 15 AC 60 05 2B 58 C1 0A 56 B0 82 15 44
ELRS/CRSF RX len=15 crc=1 bytes=EA 0D 3A EA EE 10 00 00 9C 40 FF FF CC 8E D5
ELRS/CRSF transport: OE on @16730733us
ELRS/CRSF TX len=26 crc=1 bytes=C8 18 16 0A C7 CB 5E DE C2 0A 56 B0 82 15 AC 60 05 2B 58 C1 0A 56 B0 82 15 2F
ELRS/CRSF transport: OE off @16730733us
ELRS/CRSF RX len=26 crc=1 bytes=C8 18 16 0A C7 CB 5E DE C2 0A 56 B0 82 15 AC 60 05 2B 58 C1 0A 56 B0 82 15 2F
ELRS/CRSF RX len=15 crc=1 bytes=EA 0D 3A EA EE 10 00 00 9C 40 FF FF AA 88 64
ELRS/CRSF transport: OE on @16759733us
ELRS/CRSF TX len=26 crc=1 bytes=C8 18 16 13 C7 CB 5E DE C2 0A 56 B0 82 15 AC 60 05 2B 58 C1 0A 56 B0 82 15 03
ELRS/CRSF transport: OE off @16759733us
ELRS/CRSF RX len=26 crc=1 bytes=C8 18 16 13 C7 CB 5E DE C2 0A 56 B0 82 15 AC 60 05 2B 58 C1 0A 56 B0 82 15 03
ELRS/CRSF RX len=15 crc=1 bytes=EA 0D 3A EA EE 10 00 00 9C 40 FF FF CC 8E D5
ELRS/CRSF transport: OE on @16798733us
ELRS/CRSF TX len=26 crc=1 bytes=C8 18 16 07 C7 0B 5F DC C2 0A 56 B0 82 15 AC 60 05 2B 58 C1 0A 56 B0 82 15 65
ELRS/CRSF transport: OE off @16798733us
ELRS/CRSF RX len=26 crc=1 bytes=C8 18 16 07 C7 0B 5F DC C2 0A 56 B0 82 15 AC 60 05 2B 58 C1 0A 56 B0 82 15 65
ELRS/CRSF RX len=15 crc=1 bytes=EA 0D 3A EA EE 10 00 00 9C 40 FF FF AA F6 A7
ELRS/CRSF transport: OE on @16827735us
ELRS/CRSF TX len=26 crc=1 bytes=C8 18 16 10 C7 0B 5F DE C2 0A 56 B0 82 15 AC 60 05 2B 58 C1 0A 56 B0 82 15 A2
ELRS/CRSF transport: OE off @16827735us
ELRS/CRSF RX len=26 crc=1 bytes=C8 18 16 10 C7 0B 5F DE C2 0A 56 B0 82 15 AC 60 05 2B 58 C1 0A 56 B0 82 15 A2
ELRS/CRSF RX len=15 crc=1 bytes=EA 0D 3A EA EE 10 00 00 9C 40 FF FF CD 6A F6
ELRS/CRSF transport: OE on @16866733us
ELRS/CRSF TX len=26 crc=1 bytes=C8 18 16 06 C7 0B 5F DE C2 0A 56 B0 82 15 AC 60 05 2B 58 C1 0A 56 B0 82 15 22
ELRS/CRSF transport: OE off @16866733us
ELRS/CRSF RX len=26 crc=1 bytes=C8 18 16 06 C7 0B 5F DE C2 0A 56 B0 82 15 AC 60 05 2B 58 C1 0A 56 B0 82 15 22
ELRS/CRSF RX len=15 crc=1 bytes=EA 0D 3A EA EE 10 00 00 9C 40 FF FF AB D2 F6
ELRS/CRSF transport: OE on @16895733us
ELRS/CRSF TX len=26 crc=1 bytes=C8 18 16 13 C7 0B 5F DE C2 0A 56 B0 82 15 AC 60 05 2B 58 C1 0A 56 B0 82 15 EF
ELRS/CRSF transport: OE off @16895733us
ELRS/CRSF RX len=26 crc=1 bytes=C8 18 16 13 C7 0B 5F DE C2 0A 56 B0 82 15 AC 60 05 2B 58 C1 0A 56 B0 82 15 EF
ELRS/CRSF RX len=15 crc=1 bytes=EA 0D 3A EA EE 10 00 00 9C 40 FF FF CC 3E CC
ELRS/CRSF transport: OE on @16934733us
ELRS/CRSF TX len=26 crc=1 bytes=C8 18 16 08 C7 0B 5F DE C2 0A 56 B0 82 15 AC 60 05 2B 58 C1 0A 56 B0 82 15 B5
ELRS/CRSF transport: OE off @16934733us
ELRS/CRSF RX len=26 crc=1 bytes=C8 18 16 08 C7 0B 5F DE C2 0A 56 B0 82 15 AC 60 05 2B 58 C1 0A 56 B0 82 15 B5
ELRS/CRSF RX len=15 crc=1 bytes=EA 0D 3A EA EE 10 00 00 9C 40 FF FF AA 92 60
ELRS/CRSF transport: OE on @16963733us
ELRS/CRSF TX len=26 crc=1 bytes=C8 18 16 13 C7 CB 5E DE C2 0A 56 B0 82 15 AC 60 05 2B 58 C1 0A 56 B0 82 15 03
ELRS/CRSF transport: OE off @16963733us
ELRS/CRSF RX len=26 crc=1 bytes=C8 18 16 13 C7 CB 5E DE C2 0A 56 B0 82 15 AC 60 05 2B 58 C1 0A 56 B0 82 15 03
ELRS/CRSF RX len=15 crc=1 bytes=EA 0D 3A EA EE 10 00 00 9C 40 FF FF CC 16 41
ELRS/CRSF transport: OE on @17002733us
ELRS/CRSF TX len=26 crc=1 bytes=C8 18 16 0A C7 CB 5E DE C2 0A 56 B0 82 15 AC 60 05 2B 58 C1 0A 56 B0 82 15 2F
ELRS/CRSF transport: OE off @17002733us
ELRS/CRSF RX len=26 crc=1 bytes=C8 18 16 0A C7 CB 5E DE C2 0A 56 B0 82 15 AC 60 05 2B 58 C1 0A 56 B0 82 15 2F
ELRS/CRSF RX len=15 crc=1 bytes=EA 0D 3A EA EE 10 00 00 9C 40 FF FF AB 32 20
ELRS/CRSF transport: OE on @17031735us
ELRS/CRSF TX len=26 crc=1 bytes=C8 18 16 13 C7 CB 5E DE C2 0A 56 B0 82 15 AC 60 05 2B 58 C1 0A 56 B0 82 15 03
ELRS/CRSF transport: OE off @17031735us
ELRS/CRSF RX len=26 crc=1 bytes=C8 18 16 13 C7 CB 5E DE C2 0A 56 B0 82 15 AC 60 05 2B 58 C1 0A 56 B0 82 15 03
ELRS/CRSF RX len=15 crc=1 bytes=EA 0D 3A EA EE 10 00 00 9C 40 FF FF CC FC C1
ELRS/CRSF transport: OE on @17070733us
ELRS/CRSF TX len=26 crc=1 bytes=C8 18 16 0B C7 CB 5E DE C2 0A 56 B0 82 15 AC 60 05 2B 58 C1 0A 56 B0 82 15 14
ELRS/CRSF transport: OE off @17070733us
ELRS/CRSF RX len=26 crc=1 bytes=C8 18 16 0B C7 CB 5E DE C2 0A 56 B0 82 15 AC 60 05 2B 58 C1 0A 56 B0 82 15 14
ELRS/CRSF RX len=15 crc=1 bytes=EA 0D 3A EA EE 10 00 00 9C 40 FF FF AB A0 E2
ELRS/CRSF transport: OE on @17099733us
ELRS/CRSF TX len=26 crc=1 bytes=C8 18 16 13 C7 0B 5F DE C2 0A 56 B0 82 15 AC 60 05 2B 58 C1 0A 56 B0 82 15 EF
ELRS/CRSF transport: OE off @17099733us
ELRS/CRSF RX len=26 crc=1 bytes=C8 18 16 13 C7 0B 5F DE C2 0A 56 B0 82 15 AC 60 05 2B 58 C1 0A 56 B0 82 15 EF
ELRS/CRSF RX len=15 crc=1 bytes=EA 0D 3A EA EE 10 00 00 9C 40 FF FF CC 84 83
ELRS/CRSF transport: OE on @17138733us
ELRS/CRSF TX len=26 crc=1 bytes=C8 18 16 0B C7 CB 5E DE C2 0A 56 B0 82 15 AC 60 05 2B 58 C1 0A 56 B0 82 15 14
ELRS/CRSF transport: OE off @17138733us
ELRS/CRSF RX len=26 crc=1 bytes=C8 18 16 0B C7 CB 5E DE C2 0A 56 B0 82 15 AC 60 05 2B 58 C1 0A 56 B0 82 15 14
ELRS/CRSF RX len=15 crc=1 bytes=EA 0D 3A EA EE 10 00 00 9C 40 FF FF AA CE 78
ELRS/CRSF transport: OE on @17167733us
ELRS/CRSF TX len=26 crc=1 bytes=C8 18 16 13 C7 0B 5F DE C2 0A 56 B0 82 15 AC 60 05 2B 58 C1 0A 56 B0 82 15 EF
ELRS/CRSF transport: OE off @17167733us
ELRS/CRSF RX len=26 crc=1 bytes=C8 18 16 13 C7 0B 5F DE C2 0A 56 B0 82 15 AC 60 05 2B 58 C1 0A 56 B0 82 15 EF
ELRS/CRSF RX len=15 crc=1 bytes=EA 0D 3A EA EE 10 00 00 9C 40 FF FF CC AC 0E
ELRS/CRSF transport: OE on @17206733us
ELRS/CRSF TX len=26 crc=1 bytes=C8 18 16 06 C7 CB 5E DE C2 0A 56 B0 82 15 AC 60 05 2B 58 C1 0A 56 B0 82 15 CE
ELRS/CRSF transport: OE off @17206733us
ELRS/CRSF RX len=26 crc=1 bytes=C8 18 16 06 C7 CB 5E DE C2 0A 56 B0 82 15 AC 60 05 2B 58 C1 0A 56 B0 82 15 CE
ELRS/CRSF RX len=15 crc=1 bytes=EA 0D 3A EA EE 10 00 00 9C 40 FF FF AA 06 23
ELRS/CRSF transport: OE on @17235735us
ELRS/CRSF TX len=26 crc=1 bytes=C8 18 16 13 C7 CB 5E DE C2 0A 56 B0 82 15 AC 60 05 2B 58 C1 0A 56 B0 82 15 03
ELRS/CRSF transport: OE off @17235735us
ELRS/CRSF RX len=26 crc=1 bytes=C8 18 16 13 C7 CB 5E DE C2 0A 56 B0 82 15 AC 60 05 2B 58 C1 0A 56 B0 82 15 03
ELRS/CRSF RX len=15 crc=1 bytes=EA 0D 3A EA EE 10 00 00 9C 40 FF FF CC 02 ED
ELRS/CRSF transport: OE on @17274733us
ELRS/CRSF TX len=26 crc=1 bytes=C8 18 16 0A C7 0B 5F DE C2 0A 56 B0 82 15 AC 60 05 2B 58 C1 0A 56 B0 82 15 C3
ELRS/CRSF transport: OE off @17274733us
ELRS/CRSF RX len=26 crc=1 bytes=C8 18 16 0A C7 0B 5F DE C2 0A 56 B0 82 15 AC 60 05 2B 58 C1 0A 56 B0 82 15 C3
ELRS/CRSF RX len=15 crc=1 bytes=EA 0D 3A EA EE 10 00 00 9C 40 FF FF AB 50 66
ELRS/CRSF transport: OE on @17303733us
ELRS/CRSF TX len=26 crc=1 bytes=C8 18 16 13 C7 CB 5E DE C2 0A 56 B0 82 15 AC 60 05 2B 58 C1 0A 56 B0 82 15 03
ELRS/CRSF transport: OE off @17303733us
ELRS/CRSF RX len=26 crc=1 bytes=C8 18 16 13 C7 CB 5E DE C2 0A 56 B0 82 15 AC 60 05 2B 58 C1 0A 56 B0 82 15 03
ELRS/CRSF RX len=15 crc=1 bytes=EA 0D 3A EA EE 10 00 00 9C 40 FF FF CB C6 50
ELRS/CRSF transport: OE on @17342733us
ELRS/CRSF TX len=26 crc=1 bytes=C8 18 16 0B C7 CB 5E DE C2 0A 56 B0 82 15 AC 60 05 2B 58 C1 0A 56 B0 82 15 14
ELRS/CRSF transport: OE off @17342733us
ELRS/CRSF RX len=26 crc=1 bytes=C8 18 16 0B C7 CB 5E DE C2 0A 56 B0 82 15 AC 60 05 2B 58 C1 0A 56 B0 82 15 14
ELRS/CRSF RX len=15 crc=1 bytes=EA 0D 3A EA EE 10 00 00 9C 40 FF FF AB 1E 53
ELRS/CRSF transport: OE on @17371733us
ELRS/CRSF TX len=26 crc=1 bytes=C8 18 16 10 C7 CB 5E DE C2 0A 56 B0 82 15 AC 60 05 2B 58 C1 0A 56 B0 82 15 4E
ELRS/CRSF transport: OE off @17371733us
ELRS/CRSF RX len=26 crc=1 bytes=C8 18 16 10 C7 CB 5E DE C2 0A 56 B0 82 15 AC 60 05 2B 58 C1 0A 56 B0 82 15 4E
ELRS/CRSF RX len=15 crc=1 bytes=EA 0D 3A EA EE 10 00 00 9C 40 FF FF CC 3E CC
ELRS/CRSF transport: OE on @17410733us
ELRS/CRSF TX len=26 crc=1 bytes=C8 18 16 0A C7 0B 5F DE C2 0A 56 B0 82 15 AC 60 05 2B 58 C1 0A 56 B0 82 15 C3
ELRS/CRSF transport: OE off @17410733us
ELRS/CRSF RX len=26 crc=1 bytes=C8 18 16 0A C7 0B 5F DE C2 0A 56 B0 82 15 AC 60 05 2B 58 C1 0A 56 B0 82 15 C3
ELRS/CRSF RX len=15 crc=1 bytes=EA 0D 3A EA EE 10 00 00 9C 40 FF FF AA 92 60
ELRS/CRSF transport: OE on @17439735us
ELRS/CRSF TX len=26 crc=1 bytes=C8 18 16 13 C7 CB 5E DE C2 0A 56 B0 82 15 AC 60 05 2B 58 C1 0A 56 B0 82 15 03
ELRS/CRSF transport: OE off @17439735us
ELRS/CRSF RX len=26 crc=1 bytes=C8 18 16 13 C7 CB 5E DE C2 0A 56 B0 82 15 AC 60 05 2B 58 C1 0A 56 B0 82 15 03
ELRS/CRSF RX len=15 crc=1 bytes=EA 0D 3A EA EE 10 00 00 9C 40 FF FF CC 0C 45
ELRS/CRSF transport: OE on @17478733us
ELRS/CRSF TX len=26 crc=1 bytes=C8 18 16 0A C7 CB 5E DE C2 0A 56 B0 82 15 AC 60 05 2B 58 C1 0A 56 B0 82 15 2F
ELRS/CRSF transport: OE off @17478733us
ELRS/CRSF RX len=26 crc=1 bytes=C8 18 16 0A C7 CB 5E DE C2 0A 56 B0 82 15 AC 60 05 2B 58 C1 0A 56 B0 82 15 2F
ELRS/CRSF RX len=15 crc=1 bytes=EA 0D 3A EA EE 10 00 00 9C 40 FF FF AB AA B4
ELRS/CRSF transport: OE on @17507733us
ELRS/CRSF TX len=26 crc=1 bytes=C8 18 16 10 C7 0B 5F DE C2 0A 56 B0 82 15 AC 60 05 2B 58 C1 0A 56 B0 82 15 A2
ELRS/CRSF transport: OE off @17507733us
ELRS/CRSF RX len=26 crc=1 bytes=C8 18 16 10 C7 0B 5F DE C2 0A 56 B0 82 15 AC 60 05 2B 58 C1 0A 56 B0 82 15 A2
ELRS/CRSF RX len=15 crc=1 bytes=EA 0D 3A EA EE 10 00 00 9C 40 FF FF CC 48 26
ELRS/CRSF transport: OE on @17546733us
ELRS/CRSF TX len=26 crc=1 bytes=C8 18 16 0B C7 0B 5F DE C2 0A 56 B0 82 15 AC 60 05 2B 58 C1 0A 56 B0 82 15 F8
ELRS/CRSF transport: OE off @17546733us
ELRS/CRSF RX len=26 crc=1 bytes=C8 18 16 0B C7 0B 5F DE C2 0A 56 B0 82 15 AC 60 05 2B 58 C1 0A 56 B0 82 15 F8
ELRS/CRSF RX len=15 crc=1 bytes=EA 0D 3A EA EE 10 00 00 9C 40 FF FF A9 E8 40
ELRS/CRSF transport: OE on @17575733us
ELRS/CRSF TX len=26 crc=1 bytes=C8 18 16 13 C7 0B 5F DE C2 0A 56 B0 82 15 AC 60 05 2B 58 C1 0A 56 B0 82 15 EF
ELRS/CRSF transport: OE off @17575733us
ELRS/CRSF RX len=26 crc=1 bytes=C8 18 16 13 C7 0B 5F DE C2 0A 56 B0 82 15 AC 60 05 2B 58 C1 0A 56 B0 82 15 EF
ELRS/CRSF RX len=15 crc=1 bytes=EA 0D 3A EA EE 10 00 00 9C 40 FF FF CB 3A 03
ELRS/CRSF transport: OE on @17614733us
ELRS/CRSF TX len=26 crc=1 bytes=C8 18 16 09 C7 0B 5F DE C2 0A 56 B0 82 15 AC 60 05 2B 58 C1 0A 56 B0 82 15 8E
ELRS/CRSF transport: OE off @17614733us
ELRS/CRSF RX len=26 crc=1 bytes=C8 18 16 09 C7 0B 5F DE C2 0A 56 B0 82 15 AC 60 05 2B 58 C1 0A 56 B0 82 15 8E
ELRS/CRSF RX len=15 crc=1 bytes=EA 0D 3A EA EE 10 00 00 9C 40 FF FF AA 06 23
ELRS/CRSF transport: OE on @17643735us
ELRS/CRSF TX len=26 crc=1 bytes=C8 18 16 0E C7 CB 5E DE C2 0A 56 B0 82 15 AC 60 05 2B 58 C1 0A 56 B0 82 15 C3
ELRS/CRSF transport: OE off @17643735us
ELRS/CRSF RX len=26 crc=1 bytes=C8 18 16 0E C7 CB 5E DE C2 0A 56 B0 82 15 AC 60 05 2B 58 C1 0A 56 B0 82 15 C3
ELRS/CRSF RX len=15 crc=1 bytes=EA 0D 3A EA EE 10 00 00 9C 40 FF FF CD 56 D7
ELRS/CRSF transport: OE on @17682733us
ELRS/CRSF TX len=26 crc=1 bytes=C8 18 16 0D C7 0B 5F DE C2 0A 56 B0 82 15 AC 60 05 2B 58 C1 0A 56 B0 82 15 62
ELRS/CRSF transport: OE off @17682733us
ELRS/CRSF RX len=26 crc=1 bytes=C8 18 16 0D C7 0B 5F DE C2 0A 56 B0 82 15 AC 60 05 2B 58 C1 0A 56 B0 82 15 62
ELRS/CRSF RX len=15 crc=1 bytes=EA 0D 3A EA EE 10 00 00 9C 40 FF FF AA 92 60
ELRS/CRSF transport: OE on @17711733us
ELRS/CRSF TX len=26 crc=1 bytes=C8 18 16 13 C7 0B 5F DE C2 0A 56 B0 82 15 AC 60 05 2B 58 C1 0A 56 B0 82 15 EF
ELRS/CRSF transport: OE off @17711733us
ELRS/CRSF RX len=26 crc=1 bytes=C8 18 16 13 C7 0B 5F DE C2 0A 56 B0 82 15 AC 60 05 2B 58 C1 0A 56 B0 82 15 EF
ELRS/CRSF RX len=15 crc=1 bytes=EA 0D 3A EA EE 10 00 00 9C 40 FF FF CC 5C 8A
ELRS/CRSF transport: OE on @17750733us
ELRS/CRSF TX len=26 crc=1 bytes=C8 18 16 09 C7 0B 5F DE C2 0A 56 B0 82 15 AC 60 05 2B 58 C1 0A 56 B0 82 15 8E
ELRS/CRSF transport: OE off @17750733us
ELRS/CRSF RX len=26 crc=1 bytes=C8 18 16 09 C7 0B 5F DE C2 0A 56 B0 82 15 AC 60 05 2B 58 C1 0A 56 B0 82 15 8E
ELRS/CRSF RX len=15 crc=1 bytes=EA 0D 3A EA EE 10 00 00 9C 40 FF FF AC FE B4
ELRS/CRSF transport: OE on @17779733us
ELRS/CRSF TX len=26 crc=1 bytes=C8 18 16 12 C7 0B 5F DE C2 0A 56 B0 82 15 AC 60 05 2B 58 C1 0A 56 B0 82 15 D4
ELRS/CRSF transport: OE off @17779733us
ELRS/CRSF RX len=26 crc=1 bytes=C8 18 16 12 C7 0B 5F DE C2 0A 56 B0 82 15 AC 60 05 2B 58 C1 0A 56 B0 82 15 D4
ELRS/CRSF RX len=15 crc=1 bytes=EA 0D 3A EA EE 10 00 00 9C 40 FF FF CB 4E 96
ELRS/CRSF transport: OE on @17818733us
ELRS/CRSF TX len=26 crc=1 bytes=C8 18 16 0B C7 0B 5F DE C2 0A 56 B0 82 15 AC 60 05 2B 58 C1 0A 56 B0 82 15 F8
ELRS/CRSF transport: OE off @17818733us
ELRS/CRSF RX len=26 crc=1 bytes=C8 18 16 0B C7 0B 5F DE C2 0A 56 B0 82 15 AC 60 05 2B 58 C1 0A 56 B0 82 15 F8
ELRS/CRSF RX len=15 crc=1 bytes=EA 0D 3A EA EE 10 00 00 9C 40 FF FF AA 4C E8
ELRS/CRSF transport: OE on @17847735us
ELRS/CRSF TX len=26 crc=1 bytes=C8 18 16 13 C7 0B 5F DE C2 0A 56 B0 82 15 AC 60 05 2B 58 C1 0A 56 B0 82 15 EF
ELRS/CRSF transport: OE off @17847735us
ELRS/CRSF RX len=26 crc=1 bytes=C8 18 16 13 C7 0B 5F DE C2 0A 56 B0 82 15 AC 60 05 2B 58 C1 0A 56 B0 82 15 EF
ELRS/CRSF RX len=15 crc=1 bytes=EA 0D 3A EA EE 10 00 00 9C 40 FF FF CC 8E D5
ELRS/CRSF transport: OE on @17886733us
ELRS/CRSF TX len=26 crc=1 bytes=C8 18 16 0A C7 0B 5F DE C2 0A 56 B0 82 15 AC 60 05 2B 58 C1 0A 56 B0 82 15 C3
ELRS/CRSF transport: OE off @17886733us
ELRS/CRSF RX len=26 crc=1 bytes=C8 18 16 0A C7 0B 5F DE C2 0A 56 B0 82 15 AC 60 05 2B 58 C1 0A 56 B0 82 15 C3
ELRS/CRSF RX len=15 crc=1 bytes=EA 0D 3A EA EE 10 00 00 9C 40 FF FF AB 64 6E
ELRS/CRSF transport: OE on @17915733us
ELRS/CRSF TX len=26 crc=1 bytes=C8 18 16 13 C7 0B 5F DE C2 0A 56 B0 82 15 AC 60 05 2B 58 C1 0A 56 B0 82 15 EF
ELRS/CRSF transport: OE off @17915733us
ELRS/CRSF RX len=26 crc=1 bytes=C8 18 16 13 C7 0B 5F DE C2 0A 56 B0 82 15 AC 60 05 2B 58 C1 0A 56 B0 82 15 EF
ELRS/CRSF RX len=15 crc=1 bytes=EA 0D 3A EA EE 10 00 00 9C 40 FF FF CB BC 6D
ELRS/CRSF transport: OE on @17954733us
ELRS/CRSF TX len=26 crc=1 bytes=C8 18 16 13 C7 0B 5F DE C2 0A 56 B0 82 15 AC 60 05 2B 58 C1 0A 56 B0 82 15 EF
ELRS/CRSF transport: OE off @17954733us
ELRS/CRSF RX len=26 crc=1 bytes=C8 18 16 13 C7 0B 5F DE C2 0A 56 B0 82 15 AC 60 05 2B 58 C1 0A 56 B0 82 15 EF
ELRS/CRSF RX len=15 crc=1 bytes=EA 0D 3A EA EE 10 00 00 9C 40 FF FF A9 C0 CD
ELRS/CRSF transport: OE on @17983733us
ELRS/CRSF TX len=26 crc=1 bytes=C8 18 16 13 C7 0B 5F DE C2 0A 56 B0 82 15 AC 60 05 2B 58 C1 0A 56 B0 82 15 EF
ELRS/CRSF transport: OE off @17983733us
ELRS/CRSF RX len=26 crc=1 bytes=C8 18 16 13 C7 0B 5F DE C2 0A 56 B0 82 15 AC 60 05 2B 58 C1 0A 56 B0 82 15 EF
ELRS/CRSF RX len=15 crc=1 bytes=EA 0D 3A EA EE 10 00 00 9C 40 FF FF CB 62 E5
ELRS/CRSF transport: OE on @18022733us
ELRS/CRSF TX len=26 crc=1 bytes=C8 18 16 0A C7 0B 5F DE C2 0A 56 B0 82 15 AC 60 05 2B 58 C1 0A 56 B0 82 15 C3
ELRS/CRSF transport: OE off @18022733us
ELRS/CRSF RX len=26 crc=1 bytes=C8 18 16 0A C7 0B 5F DE C2 0A 56 B0 82 15 AC 60 05 2B 58 C1 0A 56 B0 82 15 C3
ELRS/CRSF RX len=15 crc=1 bytes=EA 0D 3A EA EE 10 00 00 9C 40 FF FF AA 4C E8
ELRS/CRSF transport: OE on @18051735us
ELRS/CRSF TX len=26 crc=1 bytes=C8 18 16 11 C7 0B 5F DE C2 0A 56 B0 82 15 AC 60 05 2B 58 C1 0A 56 B0 82 15 99
ELRS/CRSF transport: OE off @18051735us
ELRS/CRSF RX len=26 crc=1 bytes=C8 18 16 11 C7 0B 5F DE C2 0A 56 B0 82 15 AC 60 05 2B 58 C1 0A 56 B0 82 15 99
ELRS/CRSF RX len=15 crc=1 bytes=EA 0D 3A EA EE 10 00 00 9C 40 FF FF CC 3E CC
ELRS/CRSF transport: OE on @18090733us
ELRS/CRSF TX len=26 crc=1 bytes=C8 18 16 0A C7 0B 5F DE C2 0A 56 B0 82 15 AC 60 05 2B 58 C1 0A 56 B0 82 15 C3
ELRS/CRSF transport: OE off @18090733us
ELRS/CRSF RX len=26 crc=1 bytes=C8 18 16 0A C7 0B 5F DE C2 0A 56 B0 82 15 AC 60 05 2B 58 C1 0A 56 B0 82 15 C3
ELRS/CRSF RX len=15 crc=1 bytes=EA 0D 3A EA EE 10 00 00 9C 40 FF FF AB 5A 30
ELRS/CRSF transport: OE on @18119733us
ELRS/CRSF TX len=26 crc=1 bytes=C8 18 16 13 C7 0B 5F DE C2 0A 56 B0 82 15 AC 60 05 2B 58 C1 0A 56 B0 82 15 EF
ELRS/CRSF transport: OE off @18119733us
ELRS/CRSF RX len=26 crc=1 bytes=C8 18 16 13 C7 0B 5F DE C2 0A 56 B0 82 15 AC 60 05 2B 58 C1 0A 56 B0 82 15 EF
ELRS/CRSF RX len=15 crc=1 bytes=EA 0D 3A EA EE 10 00 00 9C 40 FF FF CB 94 E0
ELRS/CRSF transport: OE on @18158733us
ELRS/CRSF TX len=26 crc=1 bytes=C8 18 16 0A C7 0B 5F DE C2 0A 56 B0 82 15 AC 60 05 2B 58 C1 0A 56 B0 82 15 C3
ELRS/CRSF transport: OE off @18158733us
ELRS/CRSF RX len=26 crc=1 bytes=C8 18 16 0A C7 0B 5F DE C2 0A 56 B0 82 15 AC 60 05 2B 58 C1 0A 56 B0 82 15 C3
ELRS/CRSF RX len=15 crc=1 bytes=EA 0D 3A EA EE 10 00 00 9C 40 FF FF AA 4C E8
ELRS/CRSF transport: OE on @18187733us
ELRS/CRSF TX len=26 crc=1 bytes=C8 18 16 13 C7 0B 5F DE C2 0A 56 B0 82 15 AC 60 05 2B 58 C1 0A 56 B0 82 15 EF
ELRS/CRSF transport: OE off @18187733us
ELRS/CRSF RX len=26 crc=1 bytes=C8 18 16 13 C7 0B 5F DE C2 0A 56 B0 82 15 AC 60 05 2B 58 C1 0A 56 B0 82 15 EF
ELRS/CRSF RX len=15 crc=1 bytes=EA 0D 3A EA EE 10 00 00 9C 40 FF FF CB 62 E5
ELRS/CRSF transport: OE on @18226733us
ELRS/CRSF TX len=26 crc=1 bytes=C8 18 16 0A C7 0B 5F DE C2 0A 56 B0 82 15 AC 60 05 2B 58 C1 0A 56 B0 82 15 C3
ELRS/CRSF transport: OE off @18226733us
ELRS/CRSF RX len=26 crc=1 bytes=C8 18 16 0A C7 0B 5F DE C2 0A 56 B0 82 15 AC 60 05 2B 58 C1 0A 56 B0 82 15 C3
ELRS/CRSF RX len=15 crc=1 bytes=EA 0D 3A EA EE 10 00 00 9C 40 FF FF A9 E8 40
ELRS/CRSF transport: OE on @18255735us
ELRS/CRSF TX len=26 crc=1 bytes=C8 18 16 13 C7 0B 5F DE C2 0A 56 B0 82 15 AC 60 05 2B 58 C1 0A 56 B0 82 15 EF
ELRS/CRSF transport: OE off @18255735us
ELRS/CRSF RX len=26 crc=1 bytes=C8 18 16 13 C7 0B 5F DE C2 0A 56 B0 82 15 AC 60 05 2B 58 C1 0A 56 B0 82 15 EF
ELRS/CRSF RX len=15 crc=1 bytes=EA 0D 3A EA EE 10 00 00 9C 40 FF FF CC AC 0E
ELRS/CRSF transport: OE on @18294733us
ELRS/CRSF TX len=26 crc=1 bytes=C8 18 16 0A C7 0B 5F DE C2 0A 56 B0 82 15 AC 60 05 2B 58 C1 0A 56 B0 82 15 C3
ELRS/CRSF transport: OE off @18294733us
ELRS/CRSF RX len=26 crc=1 bytes=C8 18 16 0A C7 0B 5F DE C2 0A 56 B0 82 15 AC 60 05 2B 58 C1 0A 56 B0 82 15 C3
ELRS/CRSF RX len=15 crc=1 bytes=EA 0D 3A EA EE 10 00 00 9C 40 FF FF AB 00 A9
ELRS/CRSF transport: OE on @18323733us
ELRS/CRSF TX len=26 crc=1 bytes=C8 18 16 11 C7 0B 5F DE C2 0A 56 B0 82 15 AC 60 05 2B 58 C1 0A 56 B0 82 15 99
ELRS/CRSF transport: OE off @18323733us
ELRS/CRSF RX len=26 crc=1 bytes=C8 18 16 11 C7 0B 5F DE C2 0A 56 B0 82 15 AC 60 05 2B 58 C1 0A 56 B0 82 15 99
ELRS/CRSF RX len=15 crc=1 bytes=EA 0D 3A EA EE 10 00 00 9C 40 FF FF CB 44 C0
ELRS/CRSF transport: OE on @18362733us
ELRS/CRSF TX len=26 crc=1 bytes=C8 18 16 0C C7 0B 5F DE C2 0A 56 B0 82 15 AC 60 05 2B 58 C1 0A 56 B0 82 15 59
ELRS/CRSF transport: OE off @18362733us
ELRS/CRSF RX len=26 crc=1 bytes=C8 18 16 0C C7 0B 5F DE C2 0A 56 B0 82 15 AC 60 05 2B 58 C1 0A 56 B0 82 15 59
ELRS/CRSF RX len=15 crc=1 bytes=EA 0D 3A EA EE 10 00 00 9C 40 FF FF A9 E8 40
ELRS/CRSF transport: OE on @18391733us
ELRS/CRSF TX len=26 crc=1 bytes=C8 18 16 13 C7 0B 5F DE C2 0A 56 B0 82 15 AC 60 05 2B 58 C1 0A 56 B0 82 15 EF
ELRS/CRSF transport: OE off @18391733us
ELRS/CRSF RX len=26 crc=1 bytes=C8 18 16 13 C7 0B 5F DE C2 0A 56 B0 82 15 AC 60 05 2B 58 C1 0A 56 B0 82 15 EF
ELRS/CRSF RX len=15 crc=1 bytes=EA 0D 3A EA EE 10 00 00 9C 40 FF FF CB 3A 03
ELRS/CRSF transport: OE on @18430733us
ELRS/CRSF TX len=26 crc=1 bytes=C8 18 16 09 C7 0B 5F DE C2 0A 56 B0 82 15 AC 60 05 2B 58 C1 0A 56 B0 82 15 8E
ELRS/CRSF transport: OE off @18430733us
ELRS/CRSF RX len=26 crc=1 bytes=C8 18 16 09 C7 0B 5F DE C2 0A 56 B0 82 15 AC 60 05 2B 58 C1 0A 56 B0 82 15 8E
ELRS/CRSF RX len=15 crc=1 bytes=EA 0D 3A EA EE 10 00 00 9C 40 FF FF A9 DE 37
ELRS/CRSF transport: OE on @18459735us
ELRS/CRSF TX len=26 crc=1 bytes=C8 18 16 12 C7 0B 5F DE C2 0A 56 B0 82 15 AC 60 05 2B 58 C1 0A 56 B0 82 15 D4
ELRS/CRSF transport: OE off @18459735us
ELRS/CRSF RX len=26 crc=1 bytes=C8 18 16 12 C7 0B 5F DE C2 0A 56 B0 82 15 AC 60 05 2B 58 C1 0A 56 B0 82 15 D4
ELRS/CRSF RX len=15 crc=1 bytes=EA 0D 3A EA EE 10 00 00 9C 40 FF FF CC 84 83
ELRS/CRSF transport: OE on @18498733us
ELRS/CRSF TX len=26 crc=1 bytes=C8 18 16 09 C7 0B 5F DE C2 0A 56 B0 82 15 AC 60 05 2B 58 C1 0A 56 B0 82 15 8E
ELRS/CRSF transport: OE off @18498733us
ELRS/CRSF RX len=26 crc=1 bytes=C8 18 16 09 C7 0B 5F DE C2 0A 56 B0 82 15 AC 60 05 2B 58 C1 0A 56 B0 82 15 8E
ELRS/CRSF RX len=15 crc=1 bytes=EA 0D 3A EA EE 10 00 00 9C 40 FF FF AA 92 60
ELRS/CRSF transport: OE on @18527733us
ELRS/CRSF TX len=26 crc=1 bytes=C8 18 16 13 C7 0B 5F DE C2 0A 56 B0 82 15 AC 60 05 2B 58 C1 0A 56 B0 82 15 EF
ELRS/CRSF transport: OE off @18527733us
ELRS/CRSF RX len=26 crc=1 bytes=C8 18 16 13 C7 0B 5F DE C2 0A 56 B0 82 15 AC 60 05 2B 58 C1 0A 56 B0 82 15 EF
ELRS/CRSF RX len=15 crc=1 bytes=EA 0D 3A EA EE 10 00 00 9C 40 FF FF CB 62 E5
ELRS/CRSF transport: OE on @18566733us
ELRS/CRSF TX len=26 crc=1 bytes=C8 18 16 02 C7 0B 5F DE C2 0A 56 B0 82 15 AC 60 05 2B 58 C1 0A 56 B0 82 15 CE
ELRS/CRSF transport: OE off @18566733us
ELRS/CRSF RX len=26 crc=1 bytes=C8 18 16 02 C7 0B 5F DE C2 0A 56 B0 82 15 AC 60 05 2B 58 C1 0A 56 B0 82 15 CE
ELRS/CRSF RX len=15 crc=1 bytes=EA 0D 3A EA EE 10 00 00 9C 40 FF FF A9 E8 40
ELRS/CRSF transport: OE on @18595733us
ELRS/CRSF TX len=26 crc=1 bytes=C8 18 16 13 C7 0B 5F DE C2 0A 56 B0 82 15 AC 60 05 2B 58 C1 0A 56 B0 82 15 EF
ELRS/CRSF transport: OE off @18595733us
ELRS/CRSF RX len=26 crc=1 bytes=C8 18 16 13 C7 0B 5F DE C2 0A 56 B0 82 15 AC 60 05 2B 58 C1 0A 56 B0 82 15 EF
ELRS/CRSF RX len=15 crc=1 bytes=EA 0D 3A EA EE 10 00 00 9C 40 FF FF CC 2A 60
ELRS/CRSF transport: OE on @18634733us
ELRS/CRSF TX len=26 crc=1 bytes=C8 18 16 0B C7 0B 5F DE C2 0A 56 B0 82 15 AC 60 05 2B 58 C1 0A 56 B0 82 15 F8
ELRS/CRSF transport: OE off @18634733us
ELRS/CRSF RX len=26 crc=1 bytes=C8 18 16 0B C7 0B 5F DE C2 0A 56 B0 82 15 AC 60 05 2B 58 C1 0A 56 B0 82 15 F8
ELRS/CRSF RX len=15 crc=1 bytes=EA 0D 3A EA EE 10 00 00 9C 40 FF FF A9 F2 44
ELRS/CRSF transport: OE on @18663735us
ELRS/CRSF TX len=26 crc=1 bytes=C8 18 16 13 C7 0B 5F DE C2 0A 56 B0 82 15 AC 60 05 2B 58 C1 0A 56 B0 82 15 EF
ELRS/CRSF transport: OE off @18663735us
ELRS/CRSF RX len=26 crc=1 bytes=C8 18 16 13 C7 0B 5F DE C2 0A 56 B0 82 15 AC 60 05 2B 58 C1 0A 56 B0 82 15 EF
ELRS/CRSF RX len=15 crc=1 bytes=EA 0D 3A EA EE 10 00 00 9C 40 FF FF CC 52 22
ELRS/CRSF transport: OE on @18702733us
ELRS/CRSF TX len=26 crc=1 bytes=C8 18 16 07 C7 0B 5F DE C2 0A 56 B0 82 15 AC 60 05 2B 58 C1 0A 56 B0 82 15 19
ELRS/CRSF transport: OE off @18702733us
ELRS/CRSF RX len=26 crc=1 bytes=C8 18 16 07 C7 0B 5F DE C2 0A 56 B0 82 15 AC 60 05 2B 58 C1 0A 56 B0 82 15 19
ELRS/CRSF RX len=15 crc=1 bytes=EA 0D 3A EA EE 10 00 00 9C 40 FF FF AB 00 A9
ELRS/CRSF transport: OE on @18731733us
ELRS/CRSF TX len=26 crc=1 bytes=C8 18 16 10 C7 0B 5F DE C2 0A 56 B0 82 15 AC 60 05 2B 58 C1 0A 56 B0 82 15 A2
ELRS/CRSF transport: OE off @18731733us
ELRS/CRSF RX len=26 crc=1 bytes=C8 18 16 10 C7 0B 5F DE C2 0A 56 B0 82 15 AC 60 05 2B 58 C1 0A 56 B0 82 15 A2
ELRS/CRSF RX len=15 crc=1 bytes=EA 0D 3A EA EE 10 00 00 9C 40 FF FF CB 3A 03
ELRS/CRSF transport: OE on @18770733us
ELRS/CRSF TX len=26 crc=1 bytes=C8 18 16 0A C7 0B 5F DE C2 0A 56 B0 82 15 AC 60 05 2B 58 C1 0A 56 B0 82 15 C3
ELRS/CRSF transport: OE off @18770733us
ELRS/CRSF RX len=26 crc=1 bytes=C8 18 16 0A C7 0B 5F DE C2 0A 56 B0 82 15 AC 60 05 2B 58 C1 0A 56 B0 82 15 C3
ELRS/CRSF RX len=15 crc=1 bytes=EA 0D 3A EA EE 10 00 00 9C 40 FF FF AA 4C E8
ELRS/CRSF transport: OE on @18799733us
ELRS/CRSF TX len=26 crc=1 bytes=C8 18 16 13 C7 0B 5F DE C2 0A 56 B0 82 15 AC 60 05 2B 58 C1 0A 56 B0 82 15 EF
ELRS/CRSF transport: OE off @18799733us
ELRS/CRSF RX len=26 crc=1 bytes=C8 18 16 13 C7 0B 5F DE C2 0A 56 B0 82 15 AC 60 05 2B 58 C1 0A 56 B0 82 15 EF
ELRS/CRSF RX len=15 crc=1 bytes=EA 0D 3A EA EE 10 00 00 9C 40 FF FF CC 84 83
ELRS/CRSF transport: OE on @18838733us
ELRS/CRSF TX len=26 crc=1 bytes=C8 18 16 0A C7 0B 5F DE C2 0A 56 B0 82 15 AC 60 05 2B 58 C1 0A 56 B0 82 15 C3
ELRS/CRSF transport: OE off @18838733us
ELRS/CRSF RX len=26 crc=1 bytes=C8 18 16 0A C7 0B 5F DE C2 0A 56 B0 82 15 AC 60 05 2B 58 C1 0A 56 B0 82 15 C3
ELRS/CRSF RX len=15 crc=1 bytes=EA 0D 3A EA EE 10 00 00 9C 40 FF FF A9 E8 40
ELRS/CRSF transport: OE on @18867735us
ELRS/CRSF TX len=26 crc=1 bytes=C8 18 16 13 C7 0B 5F DE C2 0A 56 B0 82 15 AC 60 05 2B 58 C1 0A 56 B0 82 15 EF
ELRS/CRSF transport: OE off @18867735us
ELRS/CRSF RX len=26 crc=1 bytes=C8 18 16 13 C7 0B 5F DE C2 0A 56 B0 82 15 AC 60 05 2B 58 C1 0A 56 B0 82 15 EF
ELRS/CRSF RX len=15 crc=1 bytes=EA 0D 3A EA EE 10 00 00 9C 40 FF FF CC 34 9A
ELRS/CRSF transport: OE on @18906733us
ELRS/CRSF TX len=26 crc=1 bytes=C8 18 16 08 C7 0B 5F DE C2 0A 56 B0 82 15 AC 60 05 2B 58 C1 0A 56 B0 82 15 B5
ELRS/CRSF transport: OE off @18906733us
ELRS/CRSF RX len=26 crc=1 bytes=C8 18 16 08 C7 0B 5F DE C2 0A 56 B0 82 15 AC 60 05 2B 58 C1 0A 56 B0 82 15 B5
ELRS/CRSF RX len=15 crc=1 bytes=EA 0D 3A EA EE 10 00 00 9C 40 FF FF AA 92 60
ELRS/CRSF transport: OE on @18935733us
ELRS/CRSF TX len=26 crc=1 bytes=C8 18 16 13 C7 0B 5F DE C2 0A 56 B0 82 15 AC 60 05 2B 58 C1 0A 56 B0 82 15 EF
ELRS/CRSF transport: OE off @18935733us
ELRS/CRSF RX len=26 crc=1 bytes=C8 18 16 13 C7 0B 5F DE C2 0A 56 B0 82 15 AC 60 05 2B 58 C1 0A 56 B0 82 15 EF
ELRS/CRSF RX len=15 crc=1 bytes=EA 0D 3A EA EE 10 00 00 9C 40 FF FF CB 44 C0
ELRS/CRSF transport: OE on @18974733us
ELRS/CRSF TX len=26 crc=1 bytes=C8 18 16 13 C7 CB 5E DE C2 0A 56 B0 82 15 AC 60 05 2B 58 C1 0A 56 B0 82 15 03
ELRS/CRSF transport: OE off @18974733us
ELRS/CRSF RX len=26 crc=1 bytes=C8 18 16 13 C7 CB 5E DE C2 0A 56 B0 82 15 AC 60 05 2B 58 C1 0A 56 B0 82 15 03
ELRS/CRSF RX len=15 crc=1 bytes=EA 0D 3A EA EE 10 00 00 9C 40 FF FF AA 4C E8
ELRS/CRSF transport: OE on @19003733us
ELRS/CRSF TX len=26 crc=1 bytes=C8 18 16 13 C7 0B 5F DE C2 0A 56 B0 82 15 AC 60 05 2B 58 C1 0A 56 B0 82 15 EF
ELRS/CRSF transport: OE off @19003733us
ELRS/CRSF RX len=26 crc=1 bytes=C8 18 16 13 C7 0B 5F DE C2 0A 56 B0 82 15 AC 60 05 2B 58 C1 0A 56 B0 82 15 EF
ELRS/CRSF RX len=15 crc=1 bytes=EA 0D 3A EA EE 10 00 00 9C 40 FF FF CB 76 49
ELRS/CRSF transport: OE on @19042733us
ELRS/CRSF TX len=26 crc=1 bytes=C8 18 16 0A C7 0B 5F DE C2 0A 56 B0 82 15 AC 60 05 2B 58 C1 0A 56 B0 82 15 C3
ELRS/CRSF transport: OE off @19042733us
ELRS/CRSF RX len=26 crc=1 bytes=C8 18 16 0A C7 0B 5F DE C2 0A 56 B0 82 15 AC 60 05 2B 58 C1 0A 56 B0 82 15 C3
ELRS/CRSF RX len=15 crc=1 bytes=EA 0D 3A EA EE 10 00 00 9C 40 FF FF AA 4C E8
ELRS/CRSF transport: OE on @19071735us
ELRS/CRSF TX len=26 crc=1 bytes=C8 18 16 13 C7 0B 5F DE C2 0A 56 B0 82 15 AC 60 05 2B 58 C1 0A 56 B0 82 15 EF
ELRS/CRSF transport: OE off @19071735us
ELRS/CRSF RX len=26 crc=1 bytes=C8 18 16 13 C7 0B 5F DE C2 0A 56 B0 82 15 AC 60 05 2B 58 C1 0A 56 B0 82 15 EF
ELRS/CRSF RX len=15 crc=1 bytes=EA 0D 3A EA EE 10 00 00 9C 40 FF FF CC 02 ED
ELRS/CRSF transport: OE on @19110733us
ELRS/CRSF TX len=26 crc=1 bytes=C8 18 16 06 C7 0B 5F DE C2 0A 56 B0 82 15 AC 60 05 2B 58 C1 0A 56 B0 82 15 22
ELRS/CRSF transport: OE off @19110733us
ELRS/CRSF RX len=26 crc=1 bytes=C8 18 16 06 C7 0B 5F DE C2 0A 56 B0 82 15 AC 60 05 2B 58 C1 0A 56 B0 82 15 22
ELRS/CRSF RX len=15 crc=1 bytes=EA 0D 3A EA EE 10 00 00 9C 40 FF FF AB 14 05
ELRS/CRSF transport: OE on @19139733us
ELRS/CRSF TX len=26 crc=1 bytes=C8 18 16 0E C7 0B 5F DE C2 0A 56 B0 82 15 AC 60 05 2B 58 C1 0A 56 B0 82 15 2F
ELRS/CRSF transport: OE off @19139733us
ELRS/CRSF RX len=26 crc=1 bytes=C8 18 16 0E C7 0B 5F DE C2 0A 56 B0 82 15 AC 60 05 2B 58 C1 0A 56 B0 82 15 2F
ELRS/CRSF RX len=15 crc=1 bytes=EA 0D 3A EA EE 10 00 00 9C 40 FF FF CB 94 E0
ELRS/CRSF transport: OE on @19178733us
ELRS/CRSF TX len=26 crc=1 bytes=C8 18 16 0A C7 0B 5F DE C2 0A 56 B0 82 15 AC 60 05 2B 58 C1 0A 56 B0 82 15 C3
ELRS/CRSF transport: OE off @19178733us
ELRS/CRSF RX len=26 crc=1 bytes=C8 18 16 0A C7 0B 5F DE C2 0A 56 B0 82 15 AC 60 05 2B 58 C1 0A 56 B0 82 15 C3
ELRS/CRSF RX len=15 crc=1 bytes=EA 0D 3A EA EE 10 00 00 9C 40 FF FF A9 E8 40
ELRS/CRSF transport: OE on @19207733us
ELRS/CRSF TX len=26 crc=1 bytes=C8 18 16 13 C7 0B 5F DE C2 0A 56 B0 82 15 AC 60 05 2B 58 C1 0A 56 B0 82 15 EF
ELRS/CRSF transport: OE off @19207733us
ELRS/CRSF RX len=26 crc=1 bytes=C8 18 16 13 C7 0B 5F DE C2 0A 56 B0 82 15 AC 60 05 2B 58 C1 0A 56 B0 82 15 EF
ELRS/CRSF RX len=15 crc=1 bytes=EA 0D 3A EA EE 10 00 00 9C 40 FF FF CB 44 C0
ELRS/CRSF transport: OE on @19246733us
ELRS/CRSF TX len=26 crc=1 bytes=C8 18 16 0B C7 0B 5F DE C2 0A 56 B0 82 15 AC 60 05 2B 58 C1 0A 56 B0 82 15 F8
ELRS/CRSF transport: OE off @19246733us
ELRS/CRSF RX len=26 crc=1 bytes=C8 18 16 0B C7 0B 5F DE C2 0A 56 B0 82 15 AC 60 05 2B 58 C1 0A 56 B0 82 15 F8
ELRS/CRSF RX len=15 crc=1 bytes=EA 0D 3A EA EE 10 00 00 9C 40 FF FF AA 4C E8
ELRS/CRSF transport: OE on @19275735us
ELRS/CRSF TX len=26 crc=1 bytes=C8 18 16 13 C7 0B 5F DE C2 0A 56 B0 82 15 AC 60 05 2B 58 C1 0A 56 B0 82 15 EF
ELRS/CRSF transport: OE off @19275735us
ELRS/CRSF RX len=26 crc=1 bytes=C8 18 16 13 C7 0B 5F DE C2 0A 56 B0 82 15 AC 60 05 2B 58 C1 0A 56 B0 82 15 EF
ELRS/CRSF RX len=15 crc=1 bytes=EA 0D 3A EA EE 10 00 00 9C 40 FF FF CC 8E D5
ELRS/CRSF transport: OE on @19314733us
ELRS/CRSF TX len=26 crc=1 bytes=C8 18 16 0A C7 0B 5F DE C2 0A 56 B0 82 15 AC 60 05 2B 58 C1 0A 56 B0 82 15 C3
ELRS/CRSF transport: OE off @19314733us
ELRS/CRSF RX len=26 crc=1 bytes=C8 18 16 0A C7 0B 5F DE C2 0A 56 B0 82 15 AC 60 05 2B 58 C1 0A 56 B0 82 15 C3
ELRS/CRSF RX len=15 crc=1 bytes=EA 0D 3A EA EE 10 00 00 9C 40 FF FF AA 9C C8
ELRS/CRSF transport: OE on @19343733us
ELRS/CRSF TX len=26 crc=1 bytes=C8 18 16 0F C7 0B 5F DE C2 0A 56 B0 82 15 AC 60 05 2B 58 C1 0A 56 B0 82 15 14
ELRS/CRSF transport: OE off @19343733us
ELRS/CRSF RX len=26 crc=1 bytes=C8 18 16 0F C7 0B 5F DE C2 0A 56 B0 82 15 AC 60 05 2B 58 C1 0A 56 B0 82 15 14
ELRS/CRSF RX len=15 crc=1 bytes=EA 0D 3A EA EE 10 00 00 9C 40 FF FF CB C6 50
ELRS/CRSF transport: OE on @19382733us
ELRS/CRSF TX len=26 crc=1 bytes=C8 18 16 0B C7 0B 5F DE C2 0A 56 B0 82 15 AC 60 05 2B 58 C1 0A 56 B0 82 15 F8
ELRS/CRSF transport: OE off @19382733us
ELRS/CRSF RX len=26 crc=1 bytes=C8 18 16 0B C7 0B 5F DE C2 0A 56 B0 82 15 AC 60 05 2B 58 C1 0A 56 B0 82 15 F8
ELRS/CR